artist,chart_date,year,quarter,chart_name,rank,title,chart_artist,peak_position,weeks_on_chart,grammy_years,month
Peter Nero,1972-01-01,1972,1.0,hot-100,31,"Theme From ""Summer Of '42""",Peter Nero,21,12,[1962],
Peter Nero,1958-01-01,1958,1.0,billboard-200,88,Hail The Conquering Nero,Peter Nero,88,1,[1962],
Peter Nero,1958-04-01,1958,2.0,billboard-200,88,Hail The Conquering Nero,Peter Nero,88,1,[1962],
Peter Nero,1958-07-01,1958,3.0,billboard-200,88,Hail The Conquering Nero,Peter Nero,88,1,[1962],
Peter Nero,1958-10-01,1958,4.0,billboard-200,88,Hail The Conquering Nero,Peter Nero,88,1,[1962],
Peter Nero,1959-01-01,1959,1.0,billboard-200,88,Hail The Conquering Nero,Peter Nero,88,1,[1962],
Peter Nero,1959-04-01,1959,2.0,billboard-200,88,Hail The Conquering Nero,Peter Nero,88,1,[1962],
Peter Nero,1959-07-01,1959,3.0,billboard-200,88,Hail The Conquering Nero,Peter Nero,88,1,[1962],
Peter Nero,1959-10-01,1959,4.0,billboard-200,88,Hail The Conquering Nero,Peter Nero,88,1,[1962],
Peter Nero,1960-01-01,1960,1.0,billboard-200,88,Hail The Conquering Nero,Peter Nero,88,1,[1962],
Peter Nero,1960-04-01,1960,2.0,billboard-200,88,Hail The Conquering Nero,Peter Nero,88,1,[1962],
Peter Nero,1960-07-01,1960,3.0,billboard-200,88,Hail The Conquering Nero,Peter Nero,88,1,[1962],
Peter Nero,1960-10-01,1960,4.0,billboard-200,88,Hail The Conquering Nero,Peter Nero,88,1,[1962],
Peter Nero,1961-01-01,1961,1.0,billboard-200,88,Hail The Conquering Nero,Peter Nero,88,1,[1962],
Peter Nero,1961-04-01,1961,2.0,billboard-200,88,Hail The Conquering Nero,Peter Nero,88,1,[1962],
Peter Nero,1961-07-01,1961,3.0,billboard-200,88,Hail The Conquering Nero,Peter Nero,88,1,[1962],
Peter Nero,1961-10-01,1961,4.0,billboard-200,88,Hail The Conquering Nero,Peter Nero,88,1,[1962],
Peter Nero,1962-01-01,1962,1.0,billboard-200,88,Hail The Conquering Nero,Peter Nero,88,1,[1962],
Peter Nero,1962-04-01,1962,2.0,billboard-200,88,Hail The Conquering Nero,Peter Nero,88,1,[1962],
Peter Nero,1962-07-01,1962,3.0,billboard-200,88,Hail The Conquering Nero,Peter Nero,88,1,[1962],
Peter Nero,1962-10-01,1962,4.0,billboard-200,88,Hail The Conquering Nero,Peter Nero,88,1,[1962],
Peter Nero,1963-01-01,1963,1.0,billboard-200,88,Hail The Conquering Nero,Peter Nero,88,1,[1962],
Peter Nero,1963-04-01,1963,2.0,billboard-200,88,Hail The Conquering Nero,Peter Nero,88,1,[1962],
Peter Nero,1963-07-01,1963,3.0,billboard-200,88,Hail The Conquering Nero,Peter Nero,88,1,[1962],
Peter Nero,1963-10-01,1963,4.0,billboard-200,76,Peter Nero In Person,Peter Nero,58,5,[1962],
Peter Nero,1963-10-01,1963,4.0,billboard-200,114,Hail The Conquering Nero,Peter Nero,68,8,[1962],
Peter Nero,1964-01-01,1964,1.0,billboard-200,135,Peter Nero In Person,Peter Nero,31,18,[1962],
Peter Nero,1964-07-01,1964,3.0,billboard-200,38,Reflections,Peter Nero,38,5,[1962],
Peter Nero,1964-10-01,1964,4.0,billboard-200,117,Reflections,Peter Nero,38,18,[1962],
Peter Nero,1965-01-01,1965,1.0,billboard-200,64,Songs You Won't Forget,Peter Nero,42,13,[1962],
Peter Nero,1966-01-01,1966,1.0,billboard-200,119,"Nero Goes ""Pops""",Peter Nero,86,11,[1962],
Peter Nero,1971-07-01,1971,3.0,billboard-200,105,Osibisa,O,105,1,[1962],
Peter Nero,1971-10-01,1971,4.0,billboard-200,136,Osibisa,O,55,14,[1962],
Peter Nero,1972-01-01,1972,1.0,billboard-200,30,Summer Of '42,Peter Nero,30,6,[1962],
Peter Nero,1972-04-01,1972,2.0,billboard-200,68,Summer Of '42,Peter Nero,23,19,[1962],
Peter Nero,1972-04-01,1972,2.0,billboard-200,70,Wcyaya,O,66,8,[1962],
The Swingle Singers,1964-01-01,1964,1.0,billboard-200,16,Bach's Greatest Hits,Swingle Singers,16,11,[1964],
The Swingle Singers,1964-04-01,1964,2.0,billboard-200,26,Bach's Greatest Hits,Swingle Singers,15,24,[1964],
The Swingle Singers,1964-07-01,1964,3.0,billboard-200,45,Bach's Greatest Hits,Swingle Singers,15,37,[1964],
The Swingle Singers,1964-07-01,1964,3.0,billboard-200,77,Going Baroque,Swingle Singers,77,6,[1964],
The Swingle Singers,1964-10-01,1964,4.0,billboard-200,84,Bach's Greatest Hits,Swingle Singers,15,50,[1964],
The Swingle Singers,1965-01-01,1965,1.0,billboard-200,94,Bach's Greatest Hits,Swingle Singers,15,63,[1964],
The Swingle Singers,1967-10-01,1967,4.0,billboard-200,79,For A Few Dollars More And Other Motion Picture Themes,L,79,5,[1964],
The Swingle Singers,1968-01-01,1968,1.0,billboard-200,46,For A Few Dollars More And Other Motion Picture Themes,L,42,18,[1964],
The Swingle Singers,1968-07-01,1968,3.0,billboard-200,138,"The Good, The Bad And The Ugly And Other Motion Picture Themes",L,138,6,[1964],
The Swingle Singers,1970-04-01,1970,2.0,billboard-200,93,Lord Sutch And Heavy Friends,L,84,7,[1964],
Bobbie Gentry,1967-10-01,1967,4.0,hot-100,3,Ode To Billie Joe,Bobbie Gentry,1,10,[1968],
Bobbie Gentry,1970-01-01,1970,1.0,hot-100,44,Fancy,Bobbie Gentry,44,7,[1968],
Bobbie Gentry,1970-04-01,1970,2.0,hot-100,27,All I Have To Do Is Dream,Bobbie Gentry & Glen Campbell,27,8,[1968],
Bobbie Gentry,1967-10-01,1967,4.0,billboard-200,2,Ode To Billie Joe,Bobbie Gentry,2,4,[1968],
Bobbie Gentry,1968-01-01,1968,1.0,billboard-200,36,Ode To Billie Joe,Bobbie Gentry,1,17,[1968],
Bobbie Gentry,1968-04-01,1968,2.0,billboard-200,96,The Eyes Of The Beacon Street Union,B,96,5,[1968],
Bobbie Gentry,1968-04-01,1968,2.0,billboard-200,175,The Delta Sweete,Bobbie Gentry,175,3,[1968],
Bobbie Gentry,1968-04-01,1968,2.0,billboard-200,197,Ode To Billie Joe,Bobbie Gentry,1,30,[1968],
Bobbie Gentry,1968-10-01,1968,4.0,billboard-200,175,The Clown Died In Marvin Gardens,B,175,4,[1968],
Bobbie Gentry,1969-01-01,1969,1.0,billboard-200,21,Bobbie Gentry & Glen Campbell,Bobbie Gentry & Glen Campbell,11,13,[1968],
Bobbie Gentry,1969-04-01,1969,2.0,billboard-200,52,Bobbie Gentry & Glen Campbell,Bobbie Gentry & Glen Campbell,11,26,[1968],
Bobbie Gentry,1969-04-01,1969,2.0,billboard-200,75,The Thorn In Mrs. Rose's Side,B,75,9,[1968],
Bobbie Gentry,1969-07-01,1969,3.0,billboard-200,90,Bobbie Gentry & Glen Campbell,Bobbie Gentry & Glen Campbell,11,39,[1968],
Bobbie Gentry,1970-01-01,1970,1.0,billboard-200,180,Bobbie Gentry's Greatest!,Bobbie Gentry,180,2,[1968],
Bobbie Gentry,1970-07-01,1970,3.0,billboard-200,148,Fancy,Bobbie Gentry,96,9,[1968],
Bobbie Gentry,1971-07-01,1971,3.0,billboard-200,105,Osibisa,O,105,1,[1968],
Bobbie Gentry,1971-10-01,1971,4.0,billboard-200,136,Osibisa,O,55,14,[1968],
Bobbie Gentry,1972-04-01,1972,2.0,billboard-200,70,Wcyaya,O,66,8,[1968],
Bobbie Gentry,1974-10-01,1974,4.0,billboard-200,181,Osibirock,O,181,2,[1968],
Bobbie Gentry,1975-01-01,1975,1.0,billboard-200,181,Hot Wire,TR,181,1,[1968],
Bobbie Gentry,1976-01-01,1976,1.0,billboard-200,158,The Band Plays On,B,111,8,[1968],
Bob Newhart,1964-04-01,1964,2.0,billboard-200,138,Bob Newhart Faces Bob Newhart (Faces Bob Newhart),Bob Newhart,113,6,[1961],
Bob Newhart,1968-04-01,1968,2.0,billboard-200,96,The Eyes Of The Beacon Street Union,B,96,5,[1961],
Bob Newhart,1968-10-01,1968,4.0,billboard-200,175,The Clown Died In Marvin Gardens,B,175,4,[1961],
Bob Newhart,1969-04-01,1969,2.0,billboard-200,75,The Thorn In Mrs. Rose's Side,B,75,9,[1961],
Bob Newhart,1971-07-01,1971,3.0,billboard-200,105,Osibisa,O,105,1,[1961],
Bob Newhart,1971-10-01,1971,4.0,billboard-200,136,Osibisa,O,55,14,[1961],
"Crosby, Stills & Nash",1969-10-01,1969,4.0,hot-100,86,Suite: Judy Blue Eyes,"Crosby, Stills & Nash",86,1,[1970],
"Crosby, Stills & Nash",1977-07-01,1977,3.0,hot-100,37,Just A Song Before I Go,"Crosby, Stills & Nash",37,6,[1970],
"Crosby, Stills & Nash",1977-10-01,1977,4.0,hot-100,48,Just A Song Before I Go,"Crosby, Stills & Nash",7,19,[1970],
"Crosby, Stills & Nash",1977-10-01,1977,4.0,hot-100,89,Fair Game,"Crosby, Stills & Nash",89,1,[1970],
"Crosby, Stills & Nash",1967-10-01,1967,4.0,billboard-200,79,For A Few Dollars More And Other Motion Picture Themes,L,79,5,[1970],
"Crosby, Stills & Nash",1968-01-01,1968,1.0,billboard-200,46,For A Few Dollars More And Other Motion Picture Themes,L,42,18,[1970],
"Crosby, Stills & Nash",1968-04-01,1968,2.0,billboard-200,96,The Eyes Of The Beacon Street Union,B,96,5,[1970],
"Crosby, Stills & Nash",1968-07-01,1968,3.0,billboard-200,138,"The Good, The Bad And The Ugly And Other Motion Picture Themes",L,138,6,[1970],
"Crosby, Stills & Nash",1968-10-01,1968,4.0,billboard-200,175,The Clown Died In Marvin Gardens,B,175,4,[1970],
"Crosby, Stills & Nash",1969-04-01,1969,2.0,billboard-200,75,The Thorn In Mrs. Rose's Side,B,75,9,[1970],
"Crosby, Stills & Nash",1969-07-01,1969,3.0,billboard-200,25,"Crosby,Stills & Nash","Crosby, Stills & Nash",25,2,[1970],
"Crosby, Stills & Nash",1969-10-01,1969,4.0,billboard-200,23,"Crosby,Stills & Nash","Crosby, Stills & Nash",7,15,[1970],
"Crosby, Stills & Nash",1970-01-01,1970,1.0,billboard-200,8,"Crosby,Stills & Nash","Crosby, Stills & Nash",6,28,[1970],
"Crosby, Stills & Nash",1970-04-01,1970,2.0,billboard-200,37,"Crosby,Stills & Nash","Crosby, Stills & Nash",6,41,[1970],
"Crosby, Stills & Nash",1970-04-01,1970,2.0,billboard-200,93,Lord Sutch And Heavy Friends,L,84,7,[1970],
"Crosby, Stills & Nash",1970-07-01,1970,3.0,billboard-200,80,"Crosby,Stills & Nash","Crosby, Stills & Nash",6,54,[1970],
"Crosby, Stills & Nash",1970-10-01,1970,4.0,billboard-200,102,"Crosby,Stills & Nash","Crosby, Stills & Nash",6,67,[1970],
"Crosby, Stills & Nash",1971-01-01,1971,1.0,billboard-200,138,"Crosby,Stills & Nash","Crosby, Stills & Nash",6,80,[1970],
"Crosby, Stills & Nash",1971-04-01,1971,2.0,billboard-200,157,"Crosby,Stills & Nash","Crosby, Stills & Nash",6,93,[1970],
"Crosby, Stills & Nash",1971-07-01,1971,3.0,billboard-200,105,Osibisa,O,105,1,[1970],
"Crosby, Stills & Nash",1971-10-01,1971,4.0,billboard-200,136,Osibisa,O,55,14,[1970],
"Crosby, Stills & Nash",1972-04-01,1972,2.0,billboard-200,70,Wcyaya,O,66,8,[1970],
"Crosby, Stills & Nash",1974-10-01,1974,4.0,billboard-200,181,Osibirock,O,181,2,[1970],
"Crosby, Stills & Nash",1975-01-01,1975,1.0,billboard-200,199,Pinafore Days,ST,199,2,[1970],
"Crosby, Stills & Nash",1976-01-01,1976,1.0,billboard-200,158,The Band Plays On,B,111,8,[1970],
"Crosby, Stills & Nash",1977-10-01,1977,4.0,billboard-200,18,CSN,"Crosby, Stills & Nash",2,13,[1970],
"Crosby, Stills & Nash",1977-10-01,1977,4.0,billboard-200,174,"Crosby,Stills & Nash","Crosby, Stills & Nash",6,105,[1970],
"Crosby, Stills & Nash",1978-01-01,1978,1.0,billboard-200,128,CSN,"Crosby, Stills & Nash",2,27,[1970],
The Carpenters,1970-07-01,1970,3.0,hot-100,14,(They Long To Be) Close To You,Carpenters,14,3,[1971],
The Carpenters,1970-10-01,1970,4.0,hot-100,18,We've Only Just Begun,Carpenters,18,4,[1971],
The Carpenters,1970-10-01,1970,4.0,hot-100,31,(They Long To Be) Close To You,Carpenters,1,16,[1971],
The Carpenters,1971-01-01,1971,1.0,hot-100,28,We've Only Just Begun,Carpenters,2,17,[1971],
The Carpenters,1971-04-01,1971,2.0,hot-100,3,For All We Know,Carpenters,3,9,[1971],
The Carpenters,1971-07-01,1971,3.0,hot-100,4,Rainy Days And Mondays,Carpenters,2,8,[1971],
The Carpenters,1971-10-01,1971,4.0,hot-100,4,Superstar/Bless The Beasts And Children,Carpenters,4,5,[1971],
The Carpenters,1972-01-01,1972,1.0,hot-100,73,Superstar/Bless The Beasts And Children,Carpenters,2,18,[1971],
The Carpenters,1972-04-01,1972,2.0,hot-100,33,Hurting Each Other,Carpenters,2,12,[1971],
The Carpenters,1972-07-01,1972,3.0,hot-100,35,It's Going To Take Some Time,Carpenters,12,10,[1971],
The Carpenters,1973-04-01,1973,2.0,hot-100,7,Sing,Carpenters,7,7,[1971],
The Carpenters,1973-07-01,1973,3.0,hot-100,8,Yesterday Once More,Carpenters,8,6,[1971],
The Carpenters,1973-10-01,1973,4.0,hot-100,80,Top Of The World,Carpenters,80,1,[1971],
The Carpenters,1974-01-01,1974,1.0,hot-100,11,Top Of The World,Carpenters,1,14,[1971],
The Carpenters,1975-01-01,1975,1.0,hot-100,9,Please Mr. Postman,Carpenters,9,7,[1971],
The Carpenters,1975-04-01,1975,2.0,hot-100,47,Only Yesterday,Carpenters,47,2,[1971],
The Carpenters,1975-10-01,1975,4.0,hot-100,58,Solitaire,Carpenters,17,10,[1971],
The Carpenters,1976-04-01,1976,2.0,hot-100,17,There's A Kind Of Hush (All Over The World),Carpenters,17,6,[1971],
The Carpenters,1976-07-01,1976,3.0,hot-100,38,I Need To Be In Love,Carpenters,38,4,[1971],
The Carpenters,1976-10-01,1976,4.0,hot-100,56,Goofus,Carpenters,56,5,[1971],
The Carpenters,1977-07-01,1977,3.0,hot-100,35,All You Get From Love Is A Love Song,Carpenters,35,7,[1971],
The Carpenters,1978-01-01,1978,1.0,hot-100,95,Calling Occupants Of Interplanetary Craft,Carpenters,32,14,[1971],
The Carpenters,1978-04-01,1978,2.0,hot-100,47,"Sweet, Sweet Smile",Carpenters,47,9,[1971],
The Carpenters,1979-01-01,1979,1.0,hot-100,95,I Believe You,Carpenters,68,5,[1971],
The Carpenters,1981-07-01,1981,3.0,hot-100,38,Touch Me When We're Dancing,Carpenters,38,3,[1971],
The Carpenters,1981-10-01,1981,4.0,hot-100,78,(Want You) Back In My Life Again,Carpenters,78,4,[1971],
The Carpenters,1970-10-01,1970,4.0,billboard-200,28,Close To You,Carpenters,28,3,[1971],
The Carpenters,1971-01-01,1971,1.0,billboard-200,8,Close To You,Carpenters,2,16,[1971],
The Carpenters,1971-04-01,1971,2.0,billboard-200,14,Close To You,Carpenters,2,29,[1971],
The Carpenters,1971-04-01,1971,2.0,billboard-200,161,Ticket To Ride,Carpenters,161,5,[1971],
The Carpenters,1971-07-01,1971,3.0,billboard-200,2,Carpenters,Carpenters,2,5,[1971],
The Carpenters,1971-07-01,1971,3.0,billboard-200,27,Close To You,Carpenters,2,42,[1971],
The Carpenters,1971-10-01,1971,4.0,billboard-200,7,Carpenters,Carpenters,2,18,[1971],
The Carpenters,1971-10-01,1971,4.0,billboard-200,38,Close To You,Carpenters,2,55,[1971],
The Carpenters,1972-01-01,1972,1.0,billboard-200,25,Carpenters,Carpenters,2,31,[1971],
The Carpenters,1972-01-01,1972,1.0,billboard-200,72,Close To You,Carpenters,2,68,[1971],
The Carpenters,1972-04-01,1972,2.0,billboard-200,54,Carpenters,Carpenters,2,44,[1971],
The Carpenters,1972-04-01,1972,2.0,billboard-200,148,Close To You,Carpenters,2,81,[1971],
The Carpenters,1972-07-01,1972,3.0,billboard-200,143,Carpenters,Carpenters,2,57,[1971],
The Carpenters,1972-10-01,1972,4.0,billboard-200,24,A Song For You,Carpenters,4,14,[1971],
The Carpenters,1973-01-01,1973,1.0,billboard-200,79,A Song For You,Carpenters,4,27,[1971],
The Carpenters,1973-04-01,1973,2.0,billboard-200,156,A Song For You,Carpenters,4,40,[1971],
The Carpenters,1973-07-01,1973,3.0,billboard-200,5,Now & Then,Carpenters,5,6,[1971],
The Carpenters,1973-10-01,1973,4.0,billboard-200,33,Now & Then,Carpenters,2,19,[1971],
The Carpenters,1974-01-01,1974,1.0,billboard-200,1,The Singles 1969-1973,Carpenters,1,6,[1971],
The Carpenters,1974-01-01,1974,1.0,billboard-200,85,Now & Then,Carpenters,2,32,[1971],
The Carpenters,1974-04-01,1974,2.0,billboard-200,53,The Singles 1969-1973,Carpenters,1,19,[1971],
The Carpenters,1974-07-01,1974,3.0,billboard-200,107,The Singles 1969-1973,Carpenters,1,32,[1971],
The Carpenters,1975-07-01,1975,3.0,billboard-200,25,Horizon,Carpenters,25,2,[1971],
The Carpenters,1975-10-01,1975,4.0,billboard-200,124,Horizon,Carpenters,13,15,[1971],
The Carpenters,1976-10-01,1976,4.0,billboard-200,109,A Kind Of Hush,Carpenters,33,13,[1971],
The Carpenters,1978-01-01,1978,1.0,billboard-200,63,Passage,Carpenters,49,12,[1971],
The Carpenters,1979-01-01,1979,1.0,billboard-200,145,Christmas Portrait,Carpenters,145,5,[1971],
The Carpenters,1981-07-01,1981,3.0,billboard-200,99,Made In America,Carpenters,99,1,[1971],
The Carpenters,1981-10-01,1981,4.0,billboard-200,155,Made In America,Carpenters,52,14,[1971],
Tom Jones,1965-07-01,1965,3.0,hot-100,26,What's New Pussycat?,Tom Jones,26,3,[1966],
Tom Jones,1965-07-01,1965,3.0,hot-100,46,Little Lonely One,Tom Jones,46,6,[1966],
Tom Jones,1965-10-01,1965,4.0,hot-100,27,With These Hands,Tom Jones,27,6,[1966],
Tom Jones,1966-01-01,1966,1.0,hot-100,36,Thunderball,Tom Jones,36,4,[1966],
Tom Jones,1966-07-01,1966,3.0,hot-100,70,Not Responsible,Tom Jones,70,3,[1966],
Tom Jones,1967-01-01,1967,1.0,hot-100,51,"Green, Green Grass Of Home",Tom Jones,51,3,[1966],
Tom Jones,1967-04-01,1967,2.0,hot-100,38,Detroit City,Tom Jones,38,4,[1966],
Tom Jones,1967-10-01,1967,4.0,hot-100,56,I'll Never Fall In Love Again,Tom Jones,56,5,[1966],
Tom Jones,1968-01-01,1968,1.0,hot-100,64,I'm Coming Home,Tom Jones,64,2,[1966],
Tom Jones,1968-04-01,1968,2.0,hot-100,53,Delilah,Tom Jones,53,4,[1966],
Tom Jones,1968-10-01,1968,4.0,hot-100,39,Help Yourself,Tom Jones,39,6,[1966],
Tom Jones,1969-01-01,1969,1.0,hot-100,68,A Minute Of Your Time,Tom Jones,68,3,[1966],
Tom Jones,1969-07-01,1969,3.0,hot-100,15,Love Me Tonight,Tom Jones,15,7,[1966],
Tom Jones,1969-10-01,1969,4.0,hot-100,12,I'll Never Fall In Love Again,Tom Jones,6,18,[1966],
Tom Jones,1970-01-01,1970,1.0,hot-100,29,Without Love (There Is Nothing),Tom Jones,29,2,[1966],
Tom Jones,1970-10-01,1970,4.0,hot-100,19,I (Who Have Nothing),Tom Jones,14,7,[1966],
Tom Jones,1971-01-01,1971,1.0,hot-100,30,Can't Stop Loving You,Tom Jones,25,7,[1966],
Tom Jones,1971-04-01,1971,2.0,hot-100,4,She's A Lady,Tom Jones,2,9,[1966],
Tom Jones,1971-07-01,1971,3.0,hot-100,26,Puppet Man/Resurrection Shuffle,Tom Jones,26,7,[1966],
Tom Jones,1964-01-01,1964,1.0,billboard-200,94,Maria Elena,Tom,94,4,[1966],
Tom Jones,1965-07-01,1965,3.0,billboard-200,138,It's Not Unusual,Tom Jones,138,1,[1966],
Tom Jones,1965-10-01,1965,4.0,billboard-200,102,It's Not Unusual,Tom Jones,54,14,[1966],
Tom Jones,1965-10-01,1965,4.0,billboard-200,115,What's New Pussycat?,Tom Jones,115,3,[1966],
Tom Jones,1967-04-01,1967,2.0,billboard-200,79,"Green, Green Grass Of Home",Tom Jones,79,5,[1966],
Tom Jones,1968-07-01,1968,3.0,billboard-200,73,The Tom Jones Fever Zone,Tom Jones,73,4,[1966],
Tom Jones,1968-10-01,1968,4.0,billboard-200,117,The Tom Jones Fever Zone,Tom Jones,48,17,[1966],
Tom Jones,1969-04-01,1969,2.0,billboard-200,9,Help Yourself,Tom Jones,9,10,[1966],
Tom Jones,1969-04-01,1969,2.0,billboard-200,50,The Tom Jones Fever Zone,Tom Jones,48,34,[1966],
Tom Jones,1969-04-01,1969,2.0,billboard-200,56,Tom Jones Live!,Tom Jones,56,4,[1966],
Tom Jones,1969-04-01,1969,2.0,billboard-200,185,"Green, Green Grass Of Home",Tom Jones,75,15,[1966],
Tom Jones,1969-07-01,1969,3.0,billboard-200,5,This Is Tom Jones,Tom Jones,5,4,[1966],
Tom Jones,1969-07-01,1969,3.0,billboard-200,21,Tom Jones Live!,Tom Jones,13,17,[1966],
Tom Jones,1969-07-01,1969,3.0,billboard-200,29,Help Yourself,Tom Jones,5,23,[1966],
Tom Jones,1969-07-01,1969,3.0,billboard-200,30,The Tom Jones Fever Zone,Tom Jones,14,47,[1966],
Tom Jones,1969-07-01,1969,3.0,billboard-200,102,"Green, Green Grass Of Home",Tom Jones,65,28,[1966],
Tom Jones,1969-07-01,1969,3.0,billboard-200,109,It's Not Unusual,Tom Jones,54,27,[1966],
Tom Jones,1969-10-01,1969,4.0,billboard-200,13,This Is Tom Jones,Tom Jones,4,17,[1966],
Tom Jones,1969-10-01,1969,4.0,billboard-200,47,The Tom Jones Fever Zone,Tom Jones,14,60,[1966],
Tom Jones,1969-10-01,1969,4.0,billboard-200,49,Tom Jones Live!,Tom Jones,13,30,[1966],
Tom Jones,1969-10-01,1969,4.0,billboard-200,73,Help Yourself,Tom Jones,5,36,[1966],
Tom Jones,1969-10-01,1969,4.0,billboard-200,150,It's Not Unusual,Tom Jones,54,40,[1966],
Tom Jones,1969-10-01,1969,4.0,billboard-200,179,"Green, Green Grass Of Home",Tom Jones,65,41,[1966],
Tom Jones,1970-01-01,1970,1.0,billboard-200,5,Tom Jones Live In Las Vegas,Tom Jones,3,8,[1966],
Tom Jones,1970-01-01,1970,1.0,billboard-200,49,This Is Tom Jones,Tom Jones,4,30,[1966],
Tom Jones,1970-01-01,1970,1.0,billboard-200,64,Tom Jones Live!,Tom Jones,13,43,[1966],
Tom Jones,1970-01-01,1970,1.0,billboard-200,125,The Tom Jones Fever Zone,Tom Jones,14,73,[1966],
Tom Jones,1970-04-01,1970,2.0,billboard-200,12,Tom Jones Live In Las Vegas,Tom Jones,3,21,[1966],
Tom Jones,1970-04-01,1970,2.0,billboard-200,145,This Is Tom Jones,Tom Jones,4,43,[1966],
Tom Jones,1970-04-01,1970,2.0,billboard-200,178,Help Yourself,Tom Jones,5,54,[1966],
Tom Jones,1970-04-01,1970,2.0,billboard-200,185,Tom Jones Live!,Tom Jones,13,56,[1966],
Tom Jones,1970-07-01,1970,3.0,billboard-200,15,Tom,Tom Jones,6,9,[1966],
Tom Jones,1970-07-01,1970,3.0,billboard-200,87,Tom Jones Live In Las Vegas,Tom Jones,3,34,[1966],
Tom Jones,1970-10-01,1970,4.0,billboard-200,70,Tom,Tom Jones,6,22,[1966],
Tom Jones,1970-10-01,1970,4.0,billboard-200,155,Tom Jones Live In Las Vegas,Tom Jones,3,47,[1966],
Tom Jones,1971-01-01,1971,1.0,billboard-200,56,I (Who Have Nothing),Tom Jones,23,8,[1966],
Tom Jones,1971-04-01,1971,2.0,billboard-200,92,I (Who Have Nothing),Tom Jones,23,21,[1966],
Tom Jones,1971-07-01,1971,3.0,billboard-200,26,She's A Lady,Tom Jones,17,7,[1966],
Tom Jones,1971-07-01,1971,3.0,billboard-200,105,Osibisa,O,105,1,[1966],
Tom Jones,1971-07-01,1971,3.0,billboard-200,149,I (Who Have Nothing),Tom Jones,23,34,[1966],
Tom Jones,1971-10-01,1971,4.0,billboard-200,136,Osibisa,O,55,14,[1966],
Tom Jones,1971-10-01,1971,4.0,billboard-200,147,She's A Lady,Tom Jones,17,20,[1966],
Tom Jones,1972-01-01,1972,1.0,billboard-200,105,Tom Jones Live At Caesars Palace,Tom Jones,43,9,[1966],
Tom Jones,1972-04-01,1972,2.0,billboard-200,70,Wcyaya,O,66,8,[1966],
Tom Jones,1972-07-01,1972,3.0,billboard-200,83,Close Up,Tom Jones,83,3,[1966],
Tom Jones,1972-10-01,1972,4.0,billboard-200,103,Close Up,Tom Jones,64,17,[1966],
Tom Jones,1973-07-01,1973,3.0,billboard-200,118,The Body And Soul Of Tom Jones,Tom Jones,118,4,[1966],
Tom Jones,1974-01-01,1974,1.0,billboard-200,195,Tom Jones' Greatest Hits,Tom Jones,195,1,[1966],
Tom Jones,1974-10-01,1974,4.0,billboard-200,181,Osibirock,O,181,2,[1966],
José Feliciano,1967-10-01,1967,4.0,billboard-200,79,For A Few Dollars More And Other Motion Picture Themes,L,79,5,[1969],
José Feliciano,1968-01-01,1968,1.0,billboard-200,46,For A Few Dollars More And Other Motion Picture Themes,L,42,18,[1969],
José Feliciano,1968-07-01,1968,3.0,billboard-200,138,"The Good, The Bad And The Ugly And Other Motion Picture Themes",L,138,6,[1969],
José Feliciano,1970-04-01,1970,2.0,billboard-200,93,Lord Sutch And Heavy Friends,L,84,7,[1969],
José Feliciano,1971-07-01,1971,3.0,billboard-200,105,Osibisa,O,105,1,[1969],
José Feliciano,1971-10-01,1971,4.0,billboard-200,136,Osibisa,O,55,14,[1969],
José Feliciano,1972-04-01,1972,2.0,billboard-200,70,Wcyaya,O,66,8,[1969],
José Feliciano,1974-10-01,1974,4.0,billboard-200,181,Osibirock,O,181,2,[1969],
Robert Goulet,1962-10-01,1962,4.0,hot-100,89,What Kind Of Fool Am I?,Robert Goulet,89,1,[1963],
Robert Goulet,1965-01-01,1965,1.0,hot-100,16,"My Love, Forgive Me (Amore, Scusami)",Robert Goulet,16,11,[1963],
Robert Goulet,1965-07-01,1965,3.0,hot-100,64,Summer Sounds,Robert Goulet,64,5,[1963],
Robert Goulet,1958-01-01,1958,1.0,billboard-200,31,The Wonderful World Of Love,Robert Goulet,31,1,[1963],
Robert Goulet,1958-01-01,1958,1.0,billboard-200,52,Sincerely Yours...,Robert Goulet,52,1,[1963],
Robert Goulet,1958-01-01,1958,1.0,billboard-200,140,Two Of Us,Robert Goulet,140,1,[1963],
Robert Goulet,1958-04-01,1958,2.0,billboard-200,31,The Wonderful World Of Love,Robert Goulet,31,1,[1963],
Robert Goulet,1958-04-01,1958,2.0,billboard-200,52,Sincerely Yours...,Robert Goulet,52,1,[1963],
Robert Goulet,1958-04-01,1958,2.0,billboard-200,140,Two Of Us,Robert Goulet,140,1,[1963],
Robert Goulet,1958-07-01,1958,3.0,billboard-200,31,The Wonderful World Of Love,Robert Goulet,31,1,[1963],
Robert Goulet,1958-07-01,1958,3.0,billboard-200,52,Sincerely Yours...,Robert Goulet,52,1,[1963],
Robert Goulet,1958-07-01,1958,3.0,billboard-200,140,Two Of Us,Robert Goulet,140,1,[1963],
Robert Goulet,1958-10-01,1958,4.0,billboard-200,31,The Wonderful World Of Love,Robert Goulet,31,1,[1963],
Robert Goulet,1958-10-01,1958,4.0,billboard-200,52,Sincerely Yours...,Robert Goulet,52,1,[1963],
Robert Goulet,1958-10-01,1958,4.0,billboard-200,140,Two Of Us,Robert Goulet,140,1,[1963],
Robert Goulet,1959-01-01,1959,1.0,billboard-200,31,The Wonderful World Of Love,Robert Goulet,31,1,[1963],
Robert Goulet,1959-01-01,1959,1.0,billboard-200,52,Sincerely Yours...,Robert Goulet,52,1,[1963],
Robert Goulet,1959-01-01,1959,1.0,billboard-200,140,Two Of Us,Robert Goulet,140,1,[1963],
Robert Goulet,1959-04-01,1959,2.0,billboard-200,31,The Wonderful World Of Love,Robert Goulet,31,1,[1963],
Robert Goulet,1959-04-01,1959,2.0,billboard-200,52,Sincerely Yours...,Robert Goulet,52,1,[1963],
Robert Goulet,1959-04-01,1959,2.0,billboard-200,140,Two Of Us,Robert Goulet,140,1,[1963],
Robert Goulet,1959-07-01,1959,3.0,billboard-200,31,The Wonderful World Of Love,Robert Goulet,31,1,[1963],
Robert Goulet,1959-07-01,1959,3.0,billboard-200,52,Sincerely Yours...,Robert Goulet,52,1,[1963],
Robert Goulet,1959-07-01,1959,3.0,billboard-200,140,Two Of Us,Robert Goulet,140,1,[1963],
Robert Goulet,1959-10-01,1959,4.0,billboard-200,31,The Wonderful World Of Love,Robert Goulet,31,1,[1963],
Robert Goulet,1959-10-01,1959,4.0,billboard-200,52,Sincerely Yours...,Robert Goulet,52,1,[1963],
Robert Goulet,1959-10-01,1959,4.0,billboard-200,140,Two Of Us,Robert Goulet,140,1,[1963],
Robert Goulet,1960-01-01,1960,1.0,billboard-200,31,The Wonderful World Of Love,Robert Goulet,31,1,[1963],
Robert Goulet,1960-01-01,1960,1.0,billboard-200,52,Sincerely Yours...,Robert Goulet,52,1,[1963],
Robert Goulet,1960-01-01,1960,1.0,billboard-200,140,Two Of Us,Robert Goulet,140,1,[1963],
Robert Goulet,1960-04-01,1960,2.0,billboard-200,31,The Wonderful World Of Love,Robert Goulet,31,1,[1963],
Robert Goulet,1960-04-01,1960,2.0,billboard-200,52,Sincerely Yours...,Robert Goulet,52,1,[1963],
Robert Goulet,1960-04-01,1960,2.0,billboard-200,140,Two Of Us,Robert Goulet,140,1,[1963],
Robert Goulet,1960-07-01,1960,3.0,billboard-200,31,The Wonderful World Of Love,Robert Goulet,31,1,[1963],
Robert Goulet,1960-07-01,1960,3.0,billboard-200,52,Sincerely Yours...,Robert Goulet,52,1,[1963],
Robert Goulet,1960-07-01,1960,3.0,billboard-200,140,Two Of Us,Robert Goulet,140,1,[1963],
Robert Goulet,1960-10-01,1960,4.0,billboard-200,31,The Wonderful World Of Love,Robert Goulet,31,1,[1963],
Robert Goulet,1960-10-01,1960,4.0,billboard-200,52,Sincerely Yours...,Robert Goulet,52,1,[1963],
Robert Goulet,1960-10-01,1960,4.0,billboard-200,140,Two Of Us,Robert Goulet,140,1,[1963],
Robert Goulet,1961-01-01,1961,1.0,billboard-200,31,The Wonderful World Of Love,Robert Goulet,31,1,[1963],
Robert Goulet,1961-01-01,1961,1.0,billboard-200,52,Sincerely Yours...,Robert Goulet,52,1,[1963],
Robert Goulet,1961-01-01,1961,1.0,billboard-200,140,Two Of Us,Robert Goulet,140,1,[1963],
Robert Goulet,1961-04-01,1961,2.0,billboard-200,31,The Wonderful World Of Love,Robert Goulet,31,1,[1963],
Robert Goulet,1961-04-01,1961,2.0,billboard-200,52,Sincerely Yours...,Robert Goulet,52,1,[1963],
Robert Goulet,1961-04-01,1961,2.0,billboard-200,140,Two Of Us,Robert Goulet,140,1,[1963],
Robert Goulet,1961-07-01,1961,3.0,billboard-200,31,The Wonderful World Of Love,Robert Goulet,31,1,[1963],
Robert Goulet,1961-07-01,1961,3.0,billboard-200,52,Sincerely Yours...,Robert Goulet,52,1,[1963],
Robert Goulet,1961-07-01,1961,3.0,billboard-200,140,Two Of Us,Robert Goulet,140,1,[1963],
Robert Goulet,1961-10-01,1961,4.0,billboard-200,31,The Wonderful World Of Love,Robert Goulet,31,1,[1963],
Robert Goulet,1961-10-01,1961,4.0,billboard-200,52,Sincerely Yours...,Robert Goulet,52,1,[1963],
Robert Goulet,1961-10-01,1961,4.0,billboard-200,140,Two Of Us,Robert Goulet,140,1,[1963],
Robert Goulet,1962-01-01,1962,1.0,billboard-200,31,The Wonderful World Of Love,Robert Goulet,31,1,[1963],
Robert Goulet,1962-01-01,1962,1.0,billboard-200,52,Sincerely Yours...,Robert Goulet,52,1,[1963],
Robert Goulet,1962-01-01,1962,1.0,billboard-200,140,Two Of Us,Robert Goulet,140,1,[1963],
Robert Goulet,1962-04-01,1962,2.0,billboard-200,31,The Wonderful World Of Love,Robert Goulet,31,1,[1963],
Robert Goulet,1962-04-01,1962,2.0,billboard-200,52,Sincerely Yours...,Robert Goulet,52,1,[1963],
Robert Goulet,1962-04-01,1962,2.0,billboard-200,140,Two Of Us,Robert Goulet,140,1,[1963],
Robert Goulet,1962-07-01,1962,3.0,billboard-200,31,The Wonderful World Of Love,Robert Goulet,31,1,[1963],
Robert Goulet,1962-07-01,1962,3.0,billboard-200,52,Sincerely Yours...,Robert Goulet,52,1,[1963],
Robert Goulet,1962-07-01,1962,3.0,billboard-200,140,Two Of Us,Robert Goulet,140,1,[1963],
Robert Goulet,1962-10-01,1962,4.0,billboard-200,31,The Wonderful World Of Love,Robert Goulet,31,1,[1963],
Robert Goulet,1962-10-01,1962,4.0,billboard-200,52,Sincerely Yours...,Robert Goulet,52,1,[1963],
Robert Goulet,1962-10-01,1962,4.0,billboard-200,140,Two Of Us,Robert Goulet,140,1,[1963],
Robert Goulet,1963-01-01,1963,1.0,billboard-200,31,The Wonderful World Of Love,Robert Goulet,31,1,[1963],
Robert Goulet,1963-01-01,1963,1.0,billboard-200,52,Sincerely Yours...,Robert Goulet,52,1,[1963],
Robert Goulet,1963-01-01,1963,1.0,billboard-200,140,Two Of Us,Robert Goulet,140,1,[1963],
Robert Goulet,1963-04-01,1963,2.0,billboard-200,31,The Wonderful World Of Love,Robert Goulet,31,1,[1963],
Robert Goulet,1963-04-01,1963,2.0,billboard-200,52,Sincerely Yours...,Robert Goulet,52,1,[1963],
Robert Goulet,1963-04-01,1963,2.0,billboard-200,140,Two Of Us,Robert Goulet,140,1,[1963],
Robert Goulet,1963-07-01,1963,3.0,billboard-200,31,The Wonderful World Of Love,Robert Goulet,31,1,[1963],
Robert Goulet,1963-07-01,1963,3.0,billboard-200,52,Sincerely Yours...,Robert Goulet,52,1,[1963],
Robert Goulet,1963-07-01,1963,3.0,billboard-200,140,Two Of Us,Robert Goulet,140,1,[1963],
Robert Goulet,1963-10-01,1963,4.0,billboard-200,92,The Wonderful World Of Love,Robert Goulet,31,8,[1963],
Robert Goulet,1963-10-01,1963,4.0,billboard-200,136,Sincerely Yours...,Robert Goulet,35,8,[1963],
Robert Goulet,1964-01-01,1964,1.0,billboard-200,27,Robert Goulet In Person,Robert Goulet,16,12,[1963],
Robert Goulet,1964-07-01,1964,3.0,billboard-200,34,Manhattan Tower/The Man Who Loves Manhattan,Robert Goulet,34,10,[1963],
Robert Goulet,1965-01-01,1965,1.0,billboard-200,102,Without You,Robert Goulet,72,12,[1963],
Robert Goulet,1965-01-01,1965,1.0,billboard-200,108,My Love Forgive Me,Robert Goulet,108,2,[1963],
Robert Goulet,1965-04-01,1965,2.0,billboard-200,10,My Love Forgive Me,Robert Goulet,5,15,[1963],
Robert Goulet,1965-07-01,1965,3.0,billboard-200,69,Begin To Love,Robert Goulet,69,5,[1963],
Robert Goulet,1965-07-01,1965,3.0,billboard-200,131,My Love Forgive Me,Robert Goulet,5,28,[1963],
Robert Goulet,1965-10-01,1965,4.0,billboard-200,42,Summer Sounds,Robert Goulet,42,8,[1963],
Robert Goulet,1966-01-01,1966,1.0,billboard-200,61,Robert Goulet On Broadway,Robert Goulet,61,4,[1963],
Robert Goulet,1966-04-01,1966,2.0,billboard-200,87,Robert Goulet On Broadway,Robert Goulet,33,17,[1963],
Robert Goulet,1966-07-01,1966,3.0,billboard-200,90,I Remember You,Robert Goulet,73,10,[1963],
Robert Goulet,1966-10-01,1966,4.0,billboard-200,113,Up With People!,U,61,11,[1963],
Robert Goulet,1967-10-01,1967,4.0,billboard-200,79,For A Few Dollars More And Other Motion Picture Themes,L,79,5,[1963],
Robert Goulet,1968-01-01,1968,1.0,billboard-200,46,For A Few Dollars More And Other Motion Picture Themes,L,42,18,[1963],
Robert Goulet,1968-04-01,1968,2.0,billboard-200,96,The Eyes Of The Beacon Street Union,B,96,5,[1963],
Robert Goulet,1968-07-01,1968,3.0,billboard-200,138,"The Good, The Bad And The Ugly And Other Motion Picture Themes",L,138,6,[1963],
Robert Goulet,1968-10-01,1968,4.0,billboard-200,175,The Clown Died In Marvin Gardens,B,175,4,[1963],
Robert Goulet,1968-10-01,1968,4.0,billboard-200,182,"Woman, Woman",Robert Goulet,182,4,[1963],
Robert Goulet,1969-04-01,1969,2.0,billboard-200,75,The Thorn In Mrs. Rose's Side,B,75,9,[1963],
Robert Goulet,1969-07-01,1969,3.0,billboard-200,169,Both Sides Now,Robert Goulet,135,13,[1963],
Robert Goulet,1970-04-01,1970,2.0,billboard-200,93,Lord Sutch And Heavy Friends,L,84,7,[1963],
Robert Goulet,1971-07-01,1971,3.0,billboard-200,105,Osibisa,O,105,1,[1963],
Robert Goulet,1971-10-01,1971,4.0,billboard-200,136,Osibisa,O,55,14,[1963],
Robert Goulet,1972-04-01,1972,2.0,billboard-200,70,Wcyaya,O,66,8,[1963],
The Beatles,1964-04-01,1964,2.0,hot-100,1,Can't Buy Me Love,The Beatles,1,2,[1965],
The Beatles,1964-04-01,1964,2.0,hot-100,2,Twist And Shout,The Beatles,2,4,[1965],
The Beatles,1964-04-01,1964,2.0,hot-100,3,She Loves You,The Beatles,1,11,[1965],
The Beatles,1964-04-01,1964,2.0,hot-100,4,I Want To Hold Your Hand,The Beatles,1,12,[1965],
The Beatles,1964-04-01,1964,2.0,hot-100,5,Please Please Me,The Beatles,3,10,[1965],
The Beatles,1964-04-01,1964,2.0,hot-100,31,I Saw Her Standing There,The Beatles,14,9,[1965],
The Beatles,1964-04-01,1964,2.0,hot-100,41,From Me To You,The Beatles,41,5,[1965],
The Beatles,1964-04-01,1964,2.0,hot-100,46,Do You Want To Know A Secret,The Beatles,46,2,[1965],
The Beatles,1964-04-01,1964,2.0,hot-100,58,All My Loving,The Beatles,58,2,[1965],
The Beatles,1964-04-01,1964,2.0,hot-100,65,You Can't Do That,The Beatles,65,1,[1965],
The Beatles,1964-04-01,1964,2.0,hot-100,68,Roll Over Beethoven,The Beatles,68,3,[1965],
The Beatles,1964-04-01,1964,2.0,hot-100,79,Thank You Girl,The Beatles,79,1,[1965],
The Beatles,1964-07-01,1964,3.0,hot-100,19,Love Me Do,The Beatles,1,13,[1965],
The Beatles,1964-10-01,1964,4.0,hot-100,18,Matchbox,The Beatles,18,5,[1965],
The Beatles,1964-10-01,1964,4.0,hot-100,24,A Hard Day's Night,The Beatles,1,12,[1965],
The Beatles,1964-10-01,1964,4.0,hot-100,27,Slow Down,The Beatles,27,5,[1965],
The Beatles,1965-01-01,1965,1.0,hot-100,1,I Feel Fine,The Beatles,1,5,[1965],
The Beatles,1965-01-01,1965,1.0,hot-100,4,She's A Woman,The Beatles,4,5,[1965],
The Beatles,1965-04-01,1965,2.0,hot-100,7,Eight Days A Week,The Beatles,1,7,[1965],
The Beatles,1965-07-01,1965,3.0,hot-100,47,Ticket To Ride,The Beatles,1,11,[1965],
The Beatles,1965-10-01,1965,4.0,hot-100,3,Yesterday,The Beatles,3,2,[1965],
The Beatles,1965-10-01,1965,4.0,hot-100,11,Help!,The Beatles,1,9,[1965],
The Beatles,1965-10-01,1965,4.0,hot-100,72,Act Naturally,The Beatles,72,2,[1965],
The Beatles,1966-01-01,1966,1.0,hot-100,2,We Can Work It Out,The Beatles,2,3,[1965],
The Beatles,1966-01-01,1966,1.0,hot-100,18,Day Tripper,The Beatles,18,3,[1965],
The Beatles,1966-04-01,1966,2.0,hot-100,6,Nowhere Man,The Beatles,3,5,[1965],
The Beatles,1966-07-01,1966,3.0,hot-100,2,Paperback Writer,The Beatles,1,4,[1965],
The Beatles,1966-07-01,1966,3.0,hot-100,24,Rain,The Beatles,24,4,[1965],
The Beatles,1966-10-01,1966,4.0,hot-100,8,Yellow Submarine,The Beatles,2,7,[1965],
The Beatles,1966-10-01,1966,4.0,hot-100,11,Eleanor Rigby,The Beatles,11,6,[1965],
The Beatles,1967-04-01,1967,2.0,hot-100,3,Penny Lane,The Beatles,1,6,[1965],
The Beatles,1967-04-01,1967,2.0,hot-100,8,Strawberry Fields Forever,The Beatles,8,6,[1965],
The Beatles,1968-01-01,1968,1.0,hot-100,1,Hello Goodbye,The Beatles,1,6,[1965],
The Beatles,1968-04-01,1968,2.0,hot-100,7,Lady Madonna,The Beatles,7,3,[1965],
The Beatles,1968-10-01,1968,4.0,hot-100,1,Hey Jude,The Beatles,1,4,[1965],
The Beatles,1968-10-01,1968,4.0,hot-100,12,Revolution,The Beatles,12,4,[1965],
The Beatles,1969-01-01,1969,1.0,hot-100,23,Hey Jude,The Beatles,1,17,[1965],
The Beatles,1969-07-01,1969,3.0,hot-100,6,Get Back,The Beatles With Billy Preston,1,9,[1965],
The Beatles,1969-07-01,1969,3.0,hot-100,11,The Ballad Of John And Yoko,The Beatles,11,4,[1965],
The Beatles,1970-01-01,1970,1.0,hot-100,12,Come Together/Something,The Beatles,1,12,[1965],
The Beatles,1970-04-01,1970,2.0,hot-100,2,Let It Be,The Beatles,2,3,[1965],
The Beatles,1970-07-01,1970,3.0,hot-100,4,The Long And Winding Road/For You Blue,The Beatles,1,7,[1965],
The Beatles,1964-04-01,1964,2.0,billboard-200,1,Meet The Beatles!,The Beatles,1,10,[1965],
The Beatles,1964-04-01,1964,2.0,billboard-200,2,Introducing...The Beatles,The Beatles,2,9,[1965],
The Beatles,1964-04-01,1964,2.0,billboard-200,77,The Beatles With Tony Sheridan And Their Guests,The Beatles,77,8,[1965],
The Beatles,1964-04-01,1964,2.0,billboard-200,135,Jolly What! The Beatles & Frank Ifield,The Beatles,135,1,[1965],
The Beatles,1964-07-01,1964,3.0,billboard-200,4,The Beatles' Second Album,The Beatles,1,11,[1965],
The Beatles,1964-07-01,1964,3.0,billboard-200,14,Meet The Beatles!,The Beatles,1,23,[1965],
The Beatles,1964-07-01,1964,3.0,billboard-200,17,Introducing...The Beatles,The Beatles,2,22,[1965],
The Beatles,1964-07-01,1964,3.0,billboard-200,29,The American Tour With Ed Rudy,The Beatles,29,5,[1965],
The Beatles,1964-10-01,1964,4.0,billboard-200,1,A Hard Day's Night (Soundtrack),The Beatles,1,12,[1965],
The Beatles,1964-10-01,1964,4.0,billboard-200,2,Something New,The Beatles,2,9,[1965],
The Beatles,1964-10-01,1964,4.0,billboard-200,29,The Beatles' Second Album,The Beatles,1,24,[1965],
The Beatles,1964-10-01,1964,4.0,billboard-200,44,Meet The Beatles!,The Beatles,1,36,[1965],
The Beatles,1964-10-01,1964,4.0,billboard-200,67,Introducing...The Beatles,The Beatles,2,35,[1965],
The Beatles,1965-01-01,1965,1.0,billboard-200,6,A Hard Day's Night (Soundtrack),The Beatles,1,25,[1965],
The Beatles,1965-01-01,1965,1.0,billboard-200,7,The Beatles' Story,The Beatles,7,4,[1965],
The Beatles,1965-01-01,1965,1.0,billboard-200,14,Something New,The Beatles,2,22,[1965],
The Beatles,1965-01-01,1965,1.0,billboard-200,70,The Beatles' Second Album,The Beatles,1,37,[1965],
The Beatles,1965-01-01,1965,1.0,billboard-200,73,Meet The Beatles!,The Beatles,1,49,[1965],
The Beatles,1965-01-01,1965,1.0,billboard-200,98,Beatles '65,The Beatles,98,1,[1965],
The Beatles,1965-01-01,1965,1.0,billboard-200,117,"Songs, Pictures And Stories Of The Fabulous Beatles",The Beatles,63,10,[1965],
The Beatles,1965-01-01,1965,1.0,billboard-200,141,Introducing...The Beatles,The Beatles,2,48,[1965],
The Beatles,1965-04-01,1965,2.0,billboard-200,3,Beatles '65,The Beatles,1,14,[1965],
The Beatles,1965-04-01,1965,2.0,billboard-200,28,A Hard Day's Night (Soundtrack),The Beatles,1,38,[1965],
The Beatles,1965-04-01,1965,2.0,billboard-200,54,Something New,The Beatles,2,35,[1965],
The Beatles,1965-04-01,1965,2.0,billboard-200,83,Meet The Beatles!,The Beatles,1,62,[1965],
The Beatles,1965-04-01,1965,2.0,billboard-200,91,The Beatles' Second Album,The Beatles,1,50,[1965],
The Beatles,1965-04-01,1965,2.0,billboard-200,108,The Beatles' Story,The Beatles,7,17,[1965],
The Beatles,1965-07-01,1965,3.0,billboard-200,29,Beatles '65,The Beatles,1,27,[1965],
The Beatles,1965-07-01,1965,3.0,billboard-200,48,Beatles VI,The Beatles,48,2,[1965],
The Beatles,1965-07-01,1965,3.0,billboard-200,55,Early Beatles,The Beatles,43,11,[1965],
The Beatles,1965-07-01,1965,3.0,billboard-200,134,A Hard Day's Night (Soundtrack),The Beatles,1,51,[1965],
The Beatles,1965-10-01,1965,4.0,billboard-200,1,Help! (Soundtrack),The Beatles,1,6,[1965],
The Beatles,1965-10-01,1965,4.0,billboard-200,10,Beatles VI,The Beatles,1,15,[1965],
The Beatles,1965-10-01,1965,4.0,billboard-200,43,Beatles '65,The Beatles,1,40,[1965],
The Beatles,1965-10-01,1965,4.0,billboard-200,145,Early Beatles,The Beatles,43,24,[1965],
The Beatles,1966-01-01,1966,1.0,billboard-200,15,Help! (Soundtrack),The Beatles,1,19,[1965],
The Beatles,1966-01-01,1966,1.0,billboard-200,57,Beatles VI,The Beatles,1,28,[1965],
The Beatles,1966-01-01,1966,1.0,billboard-200,60,Rubber Soul,The Beatles,60,2,[1965],
The Beatles,1966-01-01,1966,1.0,billboard-200,98,Beatles '65,The Beatles,1,53,[1965],
The Beatles,1966-04-01,1966,2.0,billboard-200,7,Rubber Soul,The Beatles,1,15,[1965],
The Beatles,1966-04-01,1966,2.0,billboard-200,27,Help! (Soundtrack),The Beatles,1,32,[1965],
The Beatles,1966-04-01,1966,2.0,billboard-200,110,Beatles '65,The Beatles,1,66,[1965],
The Beatles,1966-04-01,1966,2.0,billboard-200,123,Beatles VI,The Beatles,1,41,[1965],
The Beatles,1966-07-01,1966,3.0,billboard-200,24,Rubber Soul,The Beatles,1,28,[1965],
The Beatles,1966-10-01,1966,4.0,billboard-200,1,Revolver,The Beatles,1,5,[1965],
The Beatles,1966-10-01,1966,4.0,billboard-200,19,Yesterday And Today,The Beatles,1,13,[1965],
The Beatles,1966-10-01,1966,4.0,billboard-200,35,Rubber Soul,The Beatles,1,41,[1965],
The Beatles,1967-01-01,1967,1.0,billboard-200,17,Revolver,The Beatles,1,19,[1965],
The Beatles,1967-01-01,1967,1.0,billboard-200,130,Yesterday And Today,The Beatles,1,27,[1965],
The Beatles,1967-04-01,1967,2.0,billboard-200,77,Revolver,The Beatles,1,31,[1965],
The Beatles,1967-07-01,1967,3.0,billboard-200,1,Sgt. Pepper's Lonely Hearts Club Band,The Beatles,1,2,[1965],
The Beatles,1967-07-01,1967,3.0,billboard-200,135,Revolver,The Beatles,1,44,[1965],
The Beatles,1967-10-01,1967,4.0,billboard-200,1,Sgt. Pepper's Lonely Hearts Club Band,The Beatles,1,16,[1965],
The Beatles,1967-10-01,1967,4.0,billboard-200,79,For A Few Dollars More And Other Motion Picture Themes,L,79,5,[1965],
The Beatles,1967-10-01,1967,4.0,billboard-200,136,Revolver,The Beatles,1,58,[1965],
The Beatles,1968-01-01,1968,1.0,billboard-200,1,Magical Mystery Tour (Soundtrack),The Beatles,1,3,[1965],
The Beatles,1968-01-01,1968,1.0,billboard-200,5,Sgt. Pepper's Lonely Hearts Club Band,The Beatles,1,29,[1965],
The Beatles,1968-01-01,1968,1.0,billboard-200,46,For A Few Dollars More And Other Motion Picture Themes,L,42,18,[1965],
The Beatles,1968-01-01,1968,1.0,billboard-200,153,Revolver,The Beatles,1,71,[1965],
The Beatles,1968-04-01,1968,2.0,billboard-200,15,Magical Mystery Tour (Soundtrack),The Beatles,1,16,[1965],
The Beatles,1968-04-01,1968,2.0,billboard-200,28,Sgt. Pepper's Lonely Hearts Club Band,The Beatles,1,42,[1965],
The Beatles,1968-04-01,1968,2.0,billboard-200,96,The Eyes Of The Beacon Street Union,B,96,5,[1965],
The Beatles,1968-07-01,1968,3.0,billboard-200,31,Sgt. Pepper's Lonely Hearts Club Band,The Beatles,1,55,[1965],
The Beatles,1968-07-01,1968,3.0,billboard-200,33,Magical Mystery Tour (Soundtrack),The Beatles,1,29,[1965],
The Beatles,1968-07-01,1968,3.0,billboard-200,138,"The Good, The Bad And The Ugly And Other Motion Picture Themes",L,138,6,[1965],
The Beatles,1968-10-01,1968,4.0,billboard-200,41,Sgt. Pepper's Lonely Hearts Club Band,The Beatles,1,68,[1965],
The Beatles,1968-10-01,1968,4.0,billboard-200,71,Magical Mystery Tour (Soundtrack),The Beatles,1,42,[1965],
The Beatles,1968-10-01,1968,4.0,billboard-200,175,The Clown Died In Marvin Gardens,B,175,4,[1965],
The Beatles,1969-01-01,1969,1.0,billboard-200,1,The Beatles [White Album],The Beatles,1,4,[1965],
The Beatles,1969-01-01,1969,1.0,billboard-200,60,Sgt. Pepper's Lonely Hearts Club Band,The Beatles,1,81,[1965],
The Beatles,1969-01-01,1969,1.0,billboard-200,71,Magical Mystery Tour (Soundtrack),The Beatles,1,55,[1965],
The Beatles,1969-04-01,1969,2.0,billboard-200,17,The Beatles [White Album],The Beatles,1,17,[1965],
The Beatles,1969-04-01,1969,2.0,billboard-200,22,Yellow Submarine,The Beatles,2,9,[1965],
The Beatles,1969-04-01,1969,2.0,billboard-200,75,The Thorn In Mrs. Rose's Side,B,75,9,[1965],
The Beatles,1969-07-01,1969,3.0,billboard-200,58,The Beatles [White Album],The Beatles,1,30,[1965],
The Beatles,1969-07-01,1969,3.0,billboard-200,107,Yellow Submarine,The Beatles,2,22,[1965],
The Beatles,1969-10-01,1969,4.0,billboard-200,97,The Beatles [White Album],The Beatles,1,43,[1965],
The Beatles,1970-01-01,1970,1.0,billboard-200,1,Abbey Road,The Beatles,1,12,[1965],
The Beatles,1970-01-01,1970,1.0,billboard-200,85,The Beatles [White Album],The Beatles,1,56,[1965],
The Beatles,1970-01-01,1970,1.0,billboard-200,101,Sgt. Pepper's Lonely Hearts Club Band,The Beatles,1,96,[1965],
The Beatles,1970-01-01,1970,1.0,billboard-200,109,Magical Mystery Tour (Soundtrack),The Beatles,1,67,[1965],
The Beatles,1970-04-01,1970,2.0,billboard-200,2,Hey Jude,The Beatles,2,3,[1965],
The Beatles,1970-04-01,1970,2.0,billboard-200,7,Abbey Road,The Beatles,1,25,[1965],
The Beatles,1970-04-01,1970,2.0,billboard-200,93,Lord Sutch And Heavy Friends,L,84,7,[1965],
The Beatles,1970-04-01,1970,2.0,billboard-200,166,Sgt. Pepper's Lonely Hearts Club Band,The Beatles,1,109,[1965],
The Beatles,1970-07-01,1970,3.0,billboard-200,1,Let It Be (Soundtrack),The Beatles,1,6,[1965],
The Beatles,1970-07-01,1970,3.0,billboard-200,32,Hey Jude,The Beatles,2,16,[1965],
The Beatles,1970-07-01,1970,3.0,billboard-200,53,Abbey Road,The Beatles,1,38,[1965],
The Beatles,1970-10-01,1970,4.0,billboard-200,37,Let It Be (Soundtrack),The Beatles,1,19,[1965],
The Beatles,1970-10-01,1970,4.0,billboard-200,122,Abbey Road,The Beatles,1,51,[1965],
The Beatles,1970-10-01,1970,4.0,billboard-200,143,Hey Jude,The Beatles,2,29,[1965],
The Beatles,1971-01-01,1971,1.0,billboard-200,90,Let It Be (Soundtrack),The Beatles,1,32,[1965],
The Beatles,1971-01-01,1971,1.0,billboard-200,136,Abbey Road,The Beatles,1,64,[1965],
The Beatles,1971-04-01,1971,2.0,billboard-200,124,Let It Be (Soundtrack),The Beatles,1,45,[1965],
The Beatles,1971-04-01,1971,2.0,billboard-200,166,Abbey Road,The Beatles,1,77,[1965],
The Beatles,1973-07-01,1973,3.0,billboard-200,8,The Beatles 1967-1970,The Beatles,1,13,[1965],
The Beatles,1973-07-01,1973,3.0,billboard-200,17,The Beatles 1962-1966,The Beatles,3,13,[1965],
The Beatles,1973-10-01,1973,4.0,billboard-200,61,The Beatles 1967-1970,The Beatles,1,26,[1965],
The Beatles,1973-10-01,1973,4.0,billboard-200,64,The Beatles 1962-1966,The Beatles,3,26,[1965],
The Beatles,1974-01-01,1974,1.0,billboard-200,81,The Beatles 1967-1970,The Beatles,1,39,[1965],
The Beatles,1974-01-01,1974,1.0,billboard-200,113,The Beatles 1962-1966,The Beatles,3,39,[1965],
The Beatles,1974-04-01,1974,2.0,billboard-200,101,The Beatles 1967-1970,The Beatles,1,52,[1965],
The Beatles,1974-04-01,1974,2.0,billboard-200,119,The Beatles 1962-1966,The Beatles,3,52,[1965],
The Beatles,1974-07-01,1974,3.0,billboard-200,104,The Beatles 1967-1970,The Beatles,1,65,[1965],
The Beatles,1974-07-01,1974,3.0,billboard-200,124,The Beatles 1962-1966,The Beatles,3,65,[1965],
Bobby Darin,1958-01-01,1958,,hot-100,3,Splish Splash,Bobby Darin,3,1,[1960],1.0
Bobby Darin,1958-02-01,1958,,hot-100,3,Splish Splash,Bobby Darin,3,1,[1960],2.0
Bobby Darin,1958-03-01,1958,,hot-100,3,Splish Splash,Bobby Darin,3,1,[1960],3.0
Bobby Darin,1958-04-01,1958,,hot-100,3,Splish Splash,Bobby Darin,3,1,[1960],4.0
Bobby Darin,1958-05-01,1958,,hot-100,3,Splish Splash,Bobby Darin,3,1,[1960],5.0
Bobby Darin,1958-06-01,1958,,hot-100,3,Splish Splash,Bobby Darin,3,1,[1960],6.0
Bobby Darin,1958-07-01,1958,,hot-100,3,Splish Splash,Bobby Darin,3,1,[1960],7.0
Bobby Darin,1958-08-01,1958,,hot-100,3,Splish Splash,Bobby Darin,3,1,[1960],8.0
Bobby Darin,1958-09-01,1958,,hot-100,18,Splish Splash,Bobby Darin,3,5,[1960],9.0
Bobby Darin,1958-10-01,1958,,hot-100,95,Queen Of The Hop,Bobby Darin,95,1,[1960],10.0
Bobby Darin,1958-11-01,1958,,hot-100,15,Queen Of The Hop,Bobby Darin,15,5,[1960],11.0
Bobby Darin,1958-12-01,1958,,hot-100,11,Queen Of The Hop,Bobby Darin,9,9,[1960],12.0
Bobby Darin,1959-01-01,1959,,hot-100,17,Queen Of The Hop,Bobby Darin,9,14,[1960],1.0
Bobby Darin,1959-02-01,1959,,hot-100,64,Queen Of The Hop,Bobby Darin,9,18,[1960],2.0
Bobby Darin,1959-02-01,1959,,hot-100,72,Plain Jane,Bobby Darin,72,2,[1960],2.0
Bobby Darin,1959-03-01,1959,,hot-100,38,Plain Jane,Bobby Darin,38,6,[1960],3.0
Bobby Darin,1959-05-01,1959,,hot-100,29,Dream Lover,Bobby Darin,29,3,[1960],5.0
Bobby Darin,1959-06-01,1959,,hot-100,3,Dream Lover,Bobby Darin,3,7,[1960],6.0
Bobby Darin,1959-07-01,1959,,hot-100,4,Dream Lover,Bobby Darin,2,12,[1960],7.0
Bobby Darin,1959-08-01,1959,,hot-100,46,Dream Lover,Bobby Darin,2,16,[1960],8.0
Bobby Darin,1959-09-01,1959,,hot-100,24,Mack The Knife,Bobby Darin,24,3,[1960],9.0
Bobby Darin,1959-10-01,1959,,hot-100,1,Mack The Knife,Bobby Darin,1,7,[1960],10.0
Bobby Darin,1959-11-01,1959,,hot-100,1,Mack The Knife,Bobby Darin,1,11,[1960],11.0
Bobby Darin,1959-12-01,1959,,hot-100,1,Mack The Knife,Bobby Darin,1,16,[1960],12.0
Bobby Darin,1960-01-01,1960,,hot-100,12,Mack The Knife,Bobby Darin,1,20,[1960],1.0
Bobby Darin,1960-02-01,1960,,hot-100,23,Beyond The Sea,Bobby Darin,23,3,[1960],2.0
Bobby Darin,1960-02-01,1960,,hot-100,40,Mack The Knife,Bobby Darin,1,24,[1960],2.0
Bobby Darin,1960-03-01,1960,,hot-100,7,Beyond The Sea,Bobby Darin,6,8,[1960],3.0
Bobby Darin,1960-04-01,1960,,hot-100,26,Beyond The Sea,Bobby Darin,6,12,[1960],4.0
Bobby Darin,1960-04-01,1960,,hot-100,34,Clementine,Bobby Darin,34,3,[1960],4.0
Bobby Darin,1960-05-01,1960,,hot-100,24,Clementine,Bobby Darin,21,7,[1960],5.0
Bobby Darin,1960-06-01,1960,,hot-100,43,Won't You Come Home Bill Bailey,Bobby Darin,43,3,[1960],6.0
Bobby Darin,1960-07-01,1960,,hot-100,19,Won't You Come Home Bill Bailey,Bobby Darin,19,7,[1960],7.0
Bobby Darin,1960-08-01,1960,,hot-100,72,Won't You Come Home Bill Bailey,Bobby Darin,19,11,[1960],8.0
Bobby Darin,1960-09-01,1960,,hot-100,100,Beachcomber,Bobby Darin,100,1,[1960],9.0
Bobby Darin,1960-10-01,1960,,hot-100,55,Artificial Flowers,Bobby Darin,55,2,[1960],10.0
Bobby Darin,1960-10-01,1960,,hot-100,66,Somebody To Love,Bobby Darin,66,2,[1960],10.0
Bobby Darin,1960-11-01,1960,,hot-100,23,Artificial Flowers,Bobby Darin,20,7,[1960],11.0
Bobby Darin,1960-11-01,1960,,hot-100,45,Somebody To Love,Bobby Darin,45,7,[1960],11.0
Bobby Darin,1960-12-01,1960,,hot-100,33,Artificial Flowers,Bobby Darin,20,11,[1960],12.0
Bobby Darin,1961-01-01,1961,,hot-100,51,Christmas Auld Lang Syne,Bobby Darin,51,3,[1960],1.0
Bobby Darin,1961-02-01,1961,,hot-100,94,Lazy River,Bobby Darin,94,1,[1960],2.0
Bobby Darin,1961-03-01,1961,,hot-100,31,Lazy River,Bobby Darin,31,5,[1960],3.0
Bobby Darin,1961-04-01,1961,,hot-100,28,Lazy River,Bobby Darin,14,9,[1960],4.0
Bobby Darin,1961-07-01,1961,,hot-100,47,Nature Boy,Bobby Darin,47,4,[1960],7.0
Bobby Darin,1961-09-01,1961,,hot-100,67,You Must Have Been A Beautiful Baby,Bobby Darin,67,1,[1960],9.0
Bobby Darin,1961-11-01,1961,,hot-100,34,You Must Have Been A Beautiful Baby,Bobby Darin,5,10,[1960],11.0
Bobby Darin,1962-01-01,1962,,hot-100,53,Irresistible You,Bobby Darin,53,4,[1960],1.0
Bobby Darin,1962-01-01,1962,,hot-100,63,Multiplication,Bobby Darin,63,3,[1960],1.0
Bobby Darin,1962-02-01,1962,,hot-100,17,Irresistible You,Bobby Darin,17,8,[1960],2.0
Bobby Darin,1962-02-01,1962,,hot-100,35,Multiplication,Bobby Darin,35,7,[1960],2.0
Bobby Darin,1962-03-01,1962,,hot-100,37,Irresistible You,Bobby Darin,15,12,[1960],3.0
Bobby Darin,1962-04-01,1962,,hot-100,52,What'd I Say (Part 1),Bobby Darin,52,2,[1960],4.0
Bobby Darin,1962-05-01,1962,,hot-100,28,What'd I Say (Part 1),Bobby Darin,24,6,[1960],5.0
Bobby Darin,1962-07-01,1962,,hot-100,88,Things,Bobby Darin,88,1,[1960],7.0
Bobby Darin,1962-08-01,1962,,hot-100,16,Things,Bobby Darin,16,5,[1960],8.0
Bobby Darin,1962-09-01,1962,,hot-100,7,Things,Bobby Darin,3,9,[1960],9.0
Bobby Darin,1962-10-01,1962,,hot-100,69,Baby Face,Bobby Darin,69,2,[1960],10.0
Bobby Darin,1962-10-01,1962,,hot-100,73,If A Man Answers,Bobby Darin,73,2,[1960],10.0
Bobby Darin,1962-11-01,1962,,hot-100,34,If A Man Answers,Bobby Darin,34,6,[1960],11.0
Bobby Darin,1962-11-01,1962,,hot-100,43,Baby Face,Bobby Darin,42,6,[1960],11.0
Bobby Darin,1963-02-01,1963,,hot-100,30,You're The Reason I'm Living,Bobby Darin,30,3,[1960],2.0
Bobby Darin,1963-03-01,1963,,hot-100,6,You're The Reason I'm Living,Bobby Darin,6,7,[1960],3.0
Bobby Darin,1963-04-01,1963,,hot-100,8,You're The Reason I'm Living,Bobby Darin,3,12,[1960],4.0
Bobby Darin,1963-06-01,1963,,hot-100,23,18 Yellow Roses,Bobby Darin,23,4,[1960],6.0
Bobby Darin,1963-07-01,1963,,hot-100,26,18 Yellow Roses,Bobby Darin,10,9,[1960],7.0
Bobby Darin,1963-09-01,1963,,hot-100,63,Treat My Baby Good,Bobby Darin,63,3,[1960],9.0
Bobby Darin,1963-10-01,1963,,hot-100,43,Treat My Baby Good,Bobby Darin,43,7,[1960],10.0
Bobby Darin,1963-12-01,1963,,hot-100,67,Be Mad Little Girl,Bobby Darin,67,3,[1960],12.0
Bobby Darin,1964-01-01,1964,,hot-100,73,Be Mad Little Girl,Bobby Darin,64,7,[1960],1.0
Bobby Darin,1964-03-01,1964,,hot-100,98,I Wonder Who's Kissing Her Now,Bobby Darin,98,1,[1960],3.0
Bobby Darin,1964-06-01,1964,,hot-100,68,Milord,Bobby Darin,68,4,[1960],6.0
Bobby Darin,1964-07-01,1964,,hot-100,45,Milord,Bobby Darin,45,8,[1960],7.0
Bobby Darin,1964-10-01,1964,,hot-100,99,The Things In This House,Bobby Darin,99,1,[1960],10.0
Bobby Darin,1965-02-01,1965,,hot-100,84,"Hello, Dolly!",Bobby Darin,84,1,[1960],2.0
Bobby Darin,1966-05-01,1966,,hot-100,73,Mame,Bobby Darin,73,2,[1960],5.0
Bobby Darin,1966-06-01,1966,,hot-100,53,Mame,Bobby Darin,53,6,[1960],6.0
Bobby Darin,1966-10-01,1966,,hot-100,51,If I Were A Carpenter,Bobby Darin,51,2,[1960],10.0
Bobby Darin,1966-11-01,1966,,hot-100,8,If I Were A Carpenter,Bobby Darin,8,7,[1960],11.0
Bobby Darin,1966-12-01,1966,,hot-100,33,If I Were A Carpenter,Bobby Darin,8,11,[1960],12.0
Bobby Darin,1967-01-01,1967,,hot-100,68,The Girl That Stood Beside Me,Bobby Darin,66,5,[1960],1.0
Bobby Darin,1967-02-01,1967,,hot-100,48,Lovin' You,Bobby Darin,48,4,[1960],2.0
Bobby Darin,1967-03-01,1967,,hot-100,59,Lovin' You,Bobby Darin,32,8,[1960],3.0
Bobby Darin,1967-05-01,1967,,hot-100,62,The Lady Came From Baltimore,Bobby Darin,62,5,[1960],5.0
Bobby Darin,1967-08-01,1967,,hot-100,93,Darling Be Home Soon,Bobby Darin,93,2,[1960],8.0
Bobby Darin,1963-09-01,1963,,billboard-200,98,18 Yellow Roses,Bobby Darin,98,3,[1960],9.0
Bobby Darin,1965-01-01,1965,,billboard-200,111,From Hello Dolly To Goodbye Charlie,Bobby Darin,111,2,[1960],1.0
Bobby Darin,1965-02-01,1965,,billboard-200,122,From Hello Dolly To Goodbye Charlie,Bobby Darin,107,7,[1960],2.0
Bobby Darin,1967-03-01,1967,,billboard-200,142,If I Were A Carpenter,Bobby Darin,142,4,[1960],3.0
Bobby Darin,1968-04-01,1968,,billboard-200,96,The Eyes Of The Beacon Street Union,B,96,5,[1960],4.0
Bobby Darin,1968-05-01,1968,,billboard-200,75,The Eyes Of The Beacon Street Union,B,75,9,[1960],5.0
Bobby Darin,1968-06-01,1968,,billboard-200,88,The Eyes Of The Beacon Street Union,B,75,13,[1960],6.0
Bobby Darin,1968-10-01,1968,,billboard-200,175,The Clown Died In Marvin Gardens,B,175,4,[1960],10.0
Bobby Darin,1968-11-01,1968,,billboard-200,185,The Clown Died In Marvin Gardens,B,173,8,[1960],11.0
Bobby Darin,1969-03-01,1969,,billboard-200,108,The Thorn In Mrs. Rose's Side,B,108,4,[1960],3.0
Bobby Darin,1969-04-01,1969,,billboard-200,75,The Thorn In Mrs. Rose's Side,B,75,9,[1960],4.0
Bobby Darin,1969-05-01,1969,,billboard-200,133,The Thorn In Mrs. Rose's Side,B,75,13,[1960],5.0
Bobby Darin,1969-08-01,1969,,billboard-200,185,Children Of Light,B,185,4,[1960],8.0
