year,category,artist,is_winner,decade,album,record
1960,Best New Artist,Bobby Darin,True,1960.0,,
1960,Best New Artist,Edd Byrnes,False,1960.0,,
1960,Best New Artist,Mark Murphy,False,1960.0,,
1960,Best New Artist,Johnny Restivo,False,1960.0,,
1960,Best New Artist,Mavis Rivers,False,1960.0,,
1961,Best New Artist,Bob Newhart,True,1960.0,,
1961,Best New Artist,The Brothers Four,False,1960.0,,
1961,Best New Artist,Miriam Makeba,False,1960.0,,
1961,Best New Artist,Leontyne Price,False,1960.0,,
1961,Best New Artist,Joanie Sommers,False,1960.0,,
1962,Best New Artist,Peter Nero,True,1960.0,,
1962,Best New Artist,Ann-Margret,False,1960.0,,
1962,Best New Artist,Dick Gregory,False,1960.0,,
1962,Best New Artist,The Lettermen,False,1960.0,,
1962,Best New Artist,Timi Yuro,False,1960.0,,
1963,Best New Artist,Robert Goulet,True,1960.0,,
1963,Best New Artist,The Four Seasons,False,1960.0,,
1963,Best New Artist,Vaughn Meader,False,1960.0,,
1963,Best New Artist,The New Christy Minstrels,False,1960.0,,
1963,Best New Artist,"Peter, Paul and Mary",False,1960.0,,
1963,Best New Artist,Allan Sherman,False,1960.0,,
1964,Best New Artist,The Swingle Singers,True,1960.0,,
1964,Best New Artist,Vikki Carr,False,1960.0,,
1964,Best New Artist,John Gary,False,1960.0,,
1964,Best New Artist,The J's with Jamie,False,1960.0,,
1964,Best New Artist,Trini Lopez,False,1960.0,,
1965,Best New Artist,The Beatles,True,1960.0,,
1965,Best New Artist,Petula Clark,False,1960.0,,
1965,Best New Artist,Astrud Gilberto,False,1960.0,,
1965,Best New Artist,Antonio Carlos Jobim,False,1960.0,,
1965,Best New Artist,Morgana King,False,1960.0,,
1966,Best New Artist,Tom Jones,True,1960.0,,
1966,Best New Artist,The Byrds,False,1960.0,,
1966,Best New Artist,Herman's Hermits,False,1960.0,,
1966,Best New Artist,Horst Jankowski,False,1960.0,,
1966,Best New Artist,Marilyn Maye,False,1960.0,,
1966,Best New Artist,Sonny & Cher,False,1960.0,,
1966,Best New Artist,Glenn Yarbrough,False,1960.0,,
1968,Best New Artist,Bobbie Gentry,True,1960.0,,
1968,Best New Artist,Lana Cantrell,False,1960.0,,
1968,Best New Artist,The 5th Dimension,False,1960.0,,
1968,Best New Artist,Harpers Bizarre,False,1960.0,,
1968,Best New Artist,Jefferson Airplane,False,1960.0,,
1969,Best New Artist,José Feliciano,True,1960.0,,
1969,Best New Artist,Cream,False,1960.0,,
1969,Best New Artist,Gary Puckett & The Union Gap,False,1960.0,,
1969,Best New Artist,Jeannie C. Riley,False,1960.0,,
1969,Best New Artist,O. C. Smith,False,1960.0,,
1970,Best New Artist,"Crosby, Stills & Nash",True,1970.0,,
1970,Best New Artist,Chicago,False,1970.0,,
1970,Best New Artist,Led Zeppelin,False,1970.0,,
1970,Best New Artist,Oliver,False,1970.0,,
1970,Best New Artist,The Neon Philharmonic,False,1970.0,,
1971,Best New Artist,The Carpenters,True,1970.0,,
1971,Best New Artist,Elton John,False,1970.0,,
1971,Best New Artist,Melba Moore,False,1970.0,,
1971,Best New Artist,Anne Murray,False,1970.0,,
1971,Best New Artist,The Partridge Family,False,1970.0,,
1972,Best New Artist,Carly Simon,True,1970.0,,
1972,Best New Artist,Chase,False,1970.0,,
1972,Best New Artist,"Emerson, Lake & Palmer",False,1970.0,,
1972,Best New Artist,"Hamilton, Joe Frank & Reynolds",False,1970.0,,
1972,Best New Artist,Bill Withers,False,1970.0,,
1973,Best New Artist,America,True,1970.0,,
1973,Best New Artist,Harry Chapin,False,1970.0,,
1973,Best New Artist,Eagles,False,1970.0,,
1973,Best New Artist,Loggins and Messina,False,1970.0,,
1973,Best New Artist,John Prine,False,1970.0,,
1974,Best New Artist,Bette Midler,True,1970.0,,
1974,Best New Artist,Eumir Deodato,False,1970.0,,
1974,Best New Artist,Maureen McGovern,False,1970.0,,
1974,Best New Artist,Marie Osmond,False,1970.0,,
1974,Best New Artist,Barry White,False,1970.0,,
1975,Best New Artist,Marvin Hamlisch,True,1970.0,,
1975,Best New Artist,Bad Company,False,1970.0,,
1975,Best New Artist,Johnny Bristol,False,1970.0,,
1975,Best New Artist,David Essex,False,1970.0,,
1975,Best New Artist,Graham Central Station,False,1970.0,,
1975,Best New Artist,Phoebe Snow,False,1970.0,,
1976,Best New Artist,Natalie Cole,True,1970.0,,
1976,Best New Artist,Morris Albert,False,1970.0,,
1976,Best New Artist,Amazing Rhythm Aces,False,1970.0,,
1976,Best New Artist,Brecker Brothers,False,1970.0,,
1976,Best New Artist,KC and the Sunshine Band,False,1970.0,,
1977,Best New Artist,Starland Vocal Band,True,1970.0,,
1977,Best New Artist,Boston,False,1970.0,,
1977,Best New Artist,The Brothers Johnson,False,1970.0,,
1977,Best New Artist,Dr. Buzzard's Original Savannah Band,False,1970.0,,
1977,Best New Artist,Wild Cherry,False,1970.0,,
1978,Best New Artist,Debby Boone,True,1970.0,,
1978,Best New Artist,Stephen Bishop,False,1970.0,,
1978,Best New Artist,Shaun Cassidy,False,1970.0,,
1978,Best New Artist,Foreigner,False,1970.0,,
1978,Best New Artist,Andy Gibb,False,1970.0,,
1979,Best New Artist,A Taste of Honey,True,1970.0,,
1979,Best New Artist,The Cars,False,1970.0,,
1979,Best New Artist,Elvis Costello,False,1970.0,,
1979,Best New Artist,Chris Rea,False,1970.0,,
1979,Best New Artist,Toto,False,1970.0,,
1980,Best New Artist,Rickie Lee Jones,True,1980.0,,
1980,Best New Artist,The Blues Brothers,False,1980.0,,
1980,Best New Artist,Dire Straits,False,1980.0,,
1980,Best New Artist,The Knack,False,1980.0,,
1980,Best New Artist,Robin Williams,False,1980.0,,
1981,Best New Artist,Christopher Cross,True,1980.0,,
1981,Best New Artist,Irene Cara,False,1980.0,,
1981,Best New Artist,Robbie Dupree,False,1980.0,,
1981,Best New Artist,Amy Holland,False,1980.0,,
1981,Best New Artist,The Pretenders,False,1980.0,,
1982,Best New Artist,Sheena Easton,True,1980.0,,
1982,Best New Artist,Adam and the Ants,False,1980.0,,
1982,Best New Artist,The Go-Go's,False,1980.0,,
1982,Best New Artist,James Ingram,False,1980.0,,
1982,Best New Artist,Luther Vandross,False,1980.0,,
1983,Best New Artist,Men at Work,True,1980.0,,
1983,Best New Artist,Asia,False,1980.0,,
1983,Best New Artist,Jennifer Holliday,False,1980.0,,
1983,Best New Artist,The Human League,False,1980.0,,
1983,Best New Artist,Stray Cats,False,1980.0,,
1984,Best New Artist,Culture Club,True,1980.0,,
1984,Best New Artist,Big Country,False,1980.0,,
1984,Best New Artist,Eurythmics,False,1980.0,,
1984,Best New Artist,Men Without Hats,False,1980.0,,
1984,Best New Artist,Musical Youth,False,1980.0,,
1985,Best New Artist,Cyndi Lauper,True,1980.0,,
1985,Best New Artist,Sheila E.,False,1980.0,,
1985,Best New Artist,Frankie Goes to Hollywood,False,1980.0,,
1985,Best New Artist,Corey Hart,False,1980.0,,
1985,Best New Artist,The Judds,False,1980.0,,
1986,Best New Artist,Sade,True,1980.0,,
1986,Best New Artist,A-ha,False,1980.0,,
1986,Best New Artist,Freddie Jackson,False,1980.0,,
1986,Best New Artist,Katrina and the Waves,False,1980.0,,
1986,Best New Artist,Julian Lennon,False,1980.0,,
1987,Best New Artist,Bruce Hornsby & The Range,True,1980.0,,
1987,Best New Artist,Glass Tiger,False,1980.0,,
1987,Best New Artist,Nu Shooz,False,1980.0,,
1987,Best New Artist,Simply Red,False,1980.0,,
1987,Best New Artist,Timbuk3,False,1980.0,,
1988,Best New Artist,Jody Watley,True,1980.0,,
1988,Best New Artist,Breakfast Club,False,1980.0,,
1988,Best New Artist,Cutting Crew,False,1980.0,,
1988,Best New Artist,Terence Trent D'Arby,False,1980.0,,
1988,Best New Artist,Swing Out Sister,False,1980.0,,
1989,Best New Artist,Tracy Chapman,True,1980.0,,
1989,Best New Artist,Rick Astley,False,1980.0,,
1989,Best New Artist,Toni Childs,False,1980.0,,
1989,Best New Artist,Take 6,False,1980.0,,
1989,Best New Artist,Vanessa L. Williams,False,1980.0,,
1990,Best New Artist,Milli Vanilli,True,1990.0,,
1990,Best New Artist,Neneh Cherry,False,1990.0,,
1990,Best New Artist,Indigo Girls,False,1990.0,,
1990,Best New Artist,Tone Lōc,False,1990.0,,
1990,Best New Artist,Soul II Soul,False,1990.0,,
1991,Best New Artist,Mariah Carey,True,1990.0,,
1991,Best New Artist,The Black Crowes,False,1990.0,,
1991,Best New Artist,The Kentucky Headhunters,False,1990.0,,
1991,Best New Artist,Lisa Stansfield,False,1990.0,,
1991,Best New Artist,Wilson Phillips,False,1990.0,,
1992,Best New Artist,Marc Cohn,True,1990.0,,
1992,Best New Artist,Boyz II Men,False,1990.0,,
1992,Best New Artist,C+C Music Factory,False,1990.0,,
1992,Best New Artist,Color Me Badd,False,1990.0,,
1992,Best New Artist,Seal,False,1990.0,,
1993,Best New Artist,Arrested Development,True,1990.0,,
1993,Best New Artist,Billy Ray Cyrus,False,1990.0,,
1993,Best New Artist,Sophie B. Hawkins,False,1990.0,,
1993,Best New Artist,Kris Kross,False,1990.0,,
1993,Best New Artist,Jon Secada,False,1990.0,,
1994,Best New Artist,Toni Braxton,True,1990.0,,
1994,Best New Artist,Belly,False,1990.0,,
1994,Best New Artist,Blind Melon,False,1990.0,,
1994,Best New Artist,Digable Planets,False,1990.0,,
1994,Best New Artist,SWV,False,1990.0,,
1995,Best New Artist,Sheryl Crow,True,1990.0,,
1995,Best New Artist,Ace of Base,False,1990.0,,
1995,Best New Artist,Counting Crows,False,1990.0,,
1995,Best New Artist,Crash Test Dummies,False,1990.0,,
1995,Best New Artist,Green Day,False,1990.0,,
1996,Best New Artist,Hootie & the Blowfish,True,1990.0,,
1996,Best New Artist,Brandy,False,1990.0,,
1996,Best New Artist,Alanis Morissette,False,1990.0,,
1996,Best New Artist,Joan Osborne,False,1990.0,,
1996,Best New Artist,Shania Twain,False,1990.0,,
1997,Best New Artist,LeAnn Rimes,True,1990.0,,
1997,Best New Artist,Garbage,False,1990.0,,
1997,Best New Artist,Jewel,False,1990.0,,
1997,Best New Artist,No Doubt,False,1990.0,,
1997,Best New Artist,The Tony Rich Project,False,1990.0,,
1998,Best New Artist,Paula Cole,True,1990.0,,
1998,Best New Artist,Fiona Apple,False,1990.0,,
1998,Best New Artist,Erykah Badu,False,1990.0,,
1998,Best New Artist,Hanson,False,1990.0,,
1998,Best New Artist,Puff Daddy,False,1990.0,,
1999,Best New Artist,Lauryn Hill,True,1990.0,,
1999,Best New Artist,Backstreet Boys,False,1990.0,,
1999,Best New Artist,Andrea Bocelli,False,1990.0,,
1999,Best New Artist,Dixie Chicks,False,1990.0,,
1999,Best New Artist,Natalie Imbruglia,False,1990.0,,
2000,Best New Artist,Christina Aguilera,True,2000.0,,
2000,Best New Artist,Macy Gray,False,2000.0,,
2000,Best New Artist,Kid Rock,False,2000.0,,
2000,Best New Artist,Britney Spears,False,2000.0,,
2000,Best New Artist,Susan Tedeschi,False,2000.0,,
2001,Best New Artist,Shelby Lynne,True,2000.0,,
2001,Best New Artist,Brad Paisley,False,2000.0,,
2001,Best New Artist,Papa Roach,False,2000.0,,
2001,Best New Artist,Jill Scott,False,2000.0,,
2001,Best New Artist,Sisqó,False,2000.0,,
2002,Best New Artist,Alicia Keys,True,2000.0,,
2002,Best New Artist,India Arie,False,2000.0,,
2002,Best New Artist,Nelly Furtado,False,2000.0,,
2002,Best New Artist,David Gray,False,2000.0,,
2002,Best New Artist,Linkin Park,False,2000.0,,
2003,Best New Artist,Norah Jones,True,2000.0,,
2003,Best New Artist,Ashanti,False,2000.0,,
2003,Best New Artist,Michelle Branch,False,2000.0,,
2003,Best New Artist,Avril Lavigne,False,2000.0,,
2003,Best New Artist,John Mayer,False,2000.0,,
2004,Best New Artist,Evanescence,True,2000.0,,
2004,Best New Artist,50 Cent,False,2000.0,,
2004,Best New Artist,Fountains of Wayne,False,2000.0,,
2004,Best New Artist,Heather Headley,False,2000.0,,
2004,Best New Artist,Sean Paul,False,2000.0,,
2005,Best New Artist,Maroon 5,True,2000.0,,
2005,Best New Artist,Los Lonely Boys,False,2000.0,,
2005,Best New Artist,Joss Stone,False,2000.0,,
2005,Best New Artist,Kanye West,False,2000.0,,
2005,Best New Artist,Gretchen Wilson,False,2000.0,,
2006,Best New Artist,John Legend,True,2000.0,,
2006,Best New Artist,Ciara,False,2000.0,,
2006,Best New Artist,Fall Out Boy,False,2000.0,,
2006,Best New Artist,Keane,False,2000.0,,
2006,Best New Artist,Sugarland,False,2000.0,,
2007,Best New Artist,Carrie Underwood,True,2000.0,,
2007,Best New Artist,James Blunt,False,2000.0,,
2007,Best New Artist,Chris Brown,False,2000.0,,
2007,Best New Artist,Imogen Heap,False,2000.0,,
2007,Best New Artist,Corinne Bailey Rae,False,2000.0,,
2008,Best New Artist,Amy Winehouse,True,2000.0,,
2008,Best New Artist,Feist,False,2000.0,,
2008,Best New Artist,Ledisi,False,2000.0,,
2008,Best New Artist,Paramore,False,2000.0,,
2008,Best New Artist,Taylor Swift,False,2000.0,,
2009,Best New Artist,Adele,True,2000.0,,
2009,Best New Artist,Duffy,False,2000.0,,
2009,Best New Artist,Jonas Brothers,False,2000.0,,
2009,Best New Artist,Lady Antebellum,False,2000.0,,
2009,Best New Artist,Jazmine Sullivan,False,2000.0,,
2010,Best New Artist,Zac Brown Band,True,2010.0,,
2010,Best New Artist,Keri Hilson,False,2010.0,,
2010,Best New Artist,MGMT,False,2010.0,,
2010,Best New Artist,Silversun Pickups,False,2010.0,,
2010,Best New Artist,The Ting Tings,False,2010.0,,
2011,Best New Artist,Esperanza Spalding,True,2010.0,,
2011,Best New Artist,Justin Bieber,False,2010.0,,
2011,Best New Artist,Drake,False,2010.0,,
2011,Best New Artist,Florence and the Machine,False,2010.0,,
2011,Best New Artist,Mumford & Sons,False,2010.0,,
2012,Best New Artist,Bon Iver,True,2010.0,,
2012,Best New Artist,The Band Perry,False,2010.0,,
2012,Best New Artist,J. Cole,False,2010.0,,
2012,Best New Artist,Nicki Minaj,False,2010.0,,
2012,Best New Artist,Skrillex,False,2010.0,,
2013,Best New Artist,Fun,True,2010.0,,
2013,Best New Artist,Alabama Shakes,False,2010.0,,
2013,Best New Artist,Hunter Hayes,False,2010.0,,
2013,Best New Artist,The Lumineers,False,2010.0,,
2013,Best New Artist,Frank Ocean,False,2010.0,,
2014,Best New Artist,Macklemore & Ryan Lewis,True,2010.0,,
2014,Best New Artist,James Blake,False,2010.0,,
2014,Best New Artist,Kendrick Lamar,False,2010.0,,
2014,Best New Artist,Kacey Musgraves,False,2010.0,,
2014,Best New Artist,Ed Sheeran,False,2010.0,,
2015,Best New Artist,Sam Smith,True,2010.0,,
2015,Best New Artist,Iggy Azalea,False,2010.0,,
2015,Best New Artist,Bastille,False,2010.0,,
2015,Best New Artist,Brandy Clark,False,2010.0,,
2015,Best New Artist,Haim,False,2010.0,,
2016,Best New Artist,Meghan Trainor,True,2010.0,,
2016,Best New Artist,Courtney Barnett,False,2010.0,,
2016,Best New Artist,James Bay,False,2010.0,,
2016,Best New Artist,Sam Hunt,False,2010.0,,
2016,Best New Artist,Tori Kelly,False,2010.0,,
2017,Best New Artist,Chance the Rapper,True,2010.0,,
2017,Best New Artist,Kelsea Ballerini,False,2010.0,,
2017,Best New Artist,The Chainsmokers,False,2010.0,,
2017,Best New Artist,Maren Morris,False,2010.0,,
2017,Best New Artist,Anderson .Paak,False,2010.0,,
2018,Best New Artist,Alessia Cara,True,2010.0,,
2018,Best New Artist,Khalid,False,2010.0,,
2018,Best New Artist,Lil Uzi Vert,False,2010.0,,
2018,Best New Artist,Julia Michaels,False,2010.0,,
2018,Best New Artist,SZA,False,2010.0,,
2019,Best New Artist,Dua Lipa,True,2010.0,,
2019,Best New Artist,Chloe x Halle,False,2010.0,,
2019,Best New Artist,Luke Combs,False,2010.0,,
2019,Best New Artist,Greta Van Fleet,False,2010.0,,
2019,Best New Artist,H.E.R.,False,2010.0,,
2019,Best New Artist,Margo Price,False,2010.0,,
2019,Best New Artist,Bebe Rexha,False,2010.0,,
2019,Best New Artist,Jorja Smith,False,2010.0,,
2020,Best New Artist,Billie Eilish,True,2020.0,,
2020,Best New Artist,Black Pumas,False,2020.0,,
2020,Best New Artist,Lil Nas X,False,2020.0,,
2020,Best New Artist,Lizzo,False,2020.0,,
2020,Best New Artist,Maggie Rogers,False,2020.0,,
2020,Best New Artist,Rosalía,False,2020.0,,
2020,Best New Artist,Tank and the Bangas,False,2020.0,,
2020,Best New Artist,Yola,False,2020.0,,
2021,Best New Artist,Megan Thee Stallion,True,2020.0,,
2021,Best New Artist,Ingrid Andress,False,2020.0,,
2021,Best New Artist,Phoebe Bridgers,False,2020.0,,
2021,Best New Artist,Chika,False,2020.0,,
2021,Best New Artist,Noah Cyrus,False,2020.0,,
2021,Best New Artist,D Smoke,False,2020.0,,
2021,Best New Artist,Doja Cat,False,2020.0,,
2021,Best New Artist,Kaytranada,False,2020.0,,
2022,Best New Artist,Olivia Rodrigo,True,2020.0,,
2022,Best New Artist,Arooj Aftab,False,2020.0,,
2022,Best New Artist,Jimmie Allen,False,2020.0,,
2022,Best New Artist,Baby Keem,False,2020.0,,
2022,Best New Artist,Finneas,False,2020.0,,
2022,Best New Artist,Glass Animals,False,2020.0,,
2022,Best New Artist,Japanese Breakfast,False,2020.0,,
2022,Best New Artist,The Kid Laroi,False,2020.0,,
2022,Best New Artist,Arlo Parks,False,2020.0,,
2022,Best New Artist,Saweetie,False,2020.0,,
2023,Best New Artist,Samara Joy,True,2020.0,,
2023,Best New Artist,Anitta,False,2020.0,,
2023,Best New Artist,Omar Apollo,False,2020.0,,
2023,Best New Artist,Domi & JD Beck,False,2020.0,,
2023,Best New Artist,Latto,False,2020.0,,
2023,Best New Artist,Måneskin,False,2020.0,,
2023,Best New Artist,Muni Long,False,2020.0,,
2023,Best New Artist,Tobe Nwigwe,False,2020.0,,
2023,Best New Artist,Molly Tuttle,False,2020.0,,
2023,Best New Artist,Wet Leg,False,2020.0,,
2024,Best New Artist,Victoria Monét,True,2020.0,,
2024,Best New Artist,Gracie Abrams,False,2020.0,,
2024,Best New Artist,Fred Again,False,2020.0,,
2024,Best New Artist,Ice Spice,False,2020.0,,
2024,Best New Artist,Jelly Roll,False,2020.0,,
2024,Best New Artist,Coco Jones,False,2020.0,,
2024,Best New Artist,Noah Kahan,False,2020.0,,
2024,Best New Artist,The War and Treaty,False,2020.0,,
2025,Best New Artist,Chappell Roan,True,2020.0,,
2025,Best New Artist,Benson Boone,False,2020.0,,
2025,Best New Artist,Sabrina Carpenter,False,2020.0,,
2025,Best New Artist,Doechii,False,2020.0,,
2025,Best New Artist,Khruangbin,False,2020.0,,
2025,Best New Artist,Raye,False,2020.0,,
2025,Best New Artist,Shaboozey,False,2020.0,,
2025,Best New Artist,Teddy Swims,False,2020.0,,
2026,Best New Artist,Olivia Dean,True,2020.0,,
2026,Best New Artist,Katseye,False,2020.0,,
2026,Best New Artist,The Marías,False,2020.0,,
2026,Best New Artist,Addison Rae,False,2020.0,,
2026,Best New Artist,Sombr,False,2020.0,,
2026,Best New Artist,Leon Thomas,False,2020.0,,
2026,Best New Artist,Alex Warren,False,2020.0,,
2026,Best New Artist,Lola Young,False,2020.0,,
1959,Album of the Year,Henry Mancini,True,,The Music from Peter Gunn,
1959,Album of the Year,Frank Sinatra,False,,Come Fly with Me,
1959,Album of the Year,Ella Fitzgerald,False,,Ella Fitzgerald Sings the Irving Berlin Song Book,
1959,Album of the Year,Frank Sinatra,False,,Frank Sinatra Sings for Only the Lonely,
1959,Album of the Year,Van Cliburn,False,,"Tchaikovsky: Concerto No. 1, In B-Flat Minor, Op.23",
1960,Album of the Year,Frank Sinatra,True,,Come Dance with Me!,
1960,Album of the Year,Harry Belafonte,False,,Belafonte at Carnegie Hall,
1960,Album of the Year,Henry Mancini,False,,More Music From Peter Gunn,
1960,Album of the Year,Van Cliburn,False,,Rachmaninoff Piano Concerto No. 3,
1960,Album of the Year,Robert Russell Bennett,False,,"Victory at Sea, Vol. I",
1961,Album of the Year,Bob Newhart,True,,The Button-Down Mind of Bob Newhart,
1961,Album of the Year,Harry Belafonte,False,,Belafonte Returns to Carnegie Hall,
1961,Album of the Year,Sviatoslav Richter,False,,Brahms: Concerto,
1961,Album of the Year,Frank Sinatra,False,,Nice 'n' Easy,
1961,Album of the Year,Erich Leinsdorf,False,,Puccini: Turandot,
1961,Album of the Year,Nat King Cole,False,,Wild Is Love,
1962,Album of the Year,Judy Garland,True,,Judy at Carnegie Hall,
1962,Album of the Year,Henry Mancini,False,,Breakfast at Tiffany's,
1962,Album of the Year,Ray Charles,False,,Genius + Soul = Jazz,
1962,Album of the Year,Si Zentner & Johnny MannSingers,False,,Great Band with Great Voices,
1962,Album of the Year,Nat King Cole,False,,The Nat King Cole Story,
1962,Album of the Year,John Green,False,,West Side Story (Motion Picture Soundtrack),
1963,Album of the Year,Vaughn Meader,True,,The First Family,
1963,Album of the Year,Tony Bennett,False,,I Left My Heart in San Francisco,
1963,Album of the Year,Stan Getz & Charlie Byrd,False,,Jazz Samba,
1963,Album of the Year,Ray Charles,False,,Modern Sounds in Country and Western Music,
1963,Album of the Year,Allan Sherman,False,,"My Son, the Folk Singer",
1964,Album of the Year,Barbra Streisand,True,,The Barbra Streisand Album,
1964,Album of the Year,Ward Swingle & The Swingle Singers,False,,Bach's Greatest Hits,
1964,Album of the Year,Andy Williams,False,,Days of Wine and Roses and Other TV Requests,
1964,Album of the Year,Al Hirt,False,,Honey in the Horn,
1964,Album of the Year,Soeur Sourire,False,,The Singing Nun,
1965,Album of the Year,Stan Getz & João Gilberto,True,,Getz/Gilberto,
1965,Album of the Year,Al Hirt,False,,Cotton Candy,
1965,Album of the Year,Various Artists,False,,Funny Girl,
1965,Album of the Year,Barbra Streisand,False,,People,
1965,Album of the Year,Henry Mancini,False,,The Pink Panther,
1966,Album of the Year,Frank Sinatra,True,,September of My Years,
1966,Album of the Year,The Beatles,False,,Help!,
1966,Album of the Year,Barbra Streisand,False,,My Name Is Barbra,
1966,Album of the Year,Eddy Arnold,False,,My World,
1966,Album of the Year,Various Artists,False,,The Sound Of Music (Motion Picture Soundtrack),
1967,Album of the Year,Frank Sinatra,True,,A Man and His Music,
1967,Album of the Year,Barbra Streisand,False,,Color Me Barbra,
1967,Album of the Year,Maurice Jarre,False,,Doctor Zhivago (Original Soundtrack),
1967,Album of the Year,The Beatles,False,,Revolver,
1967,Album of the Year,Herb Alpert & the Tijuana Brass,False,,What Now My Love,
1968,Album of the Year,The Beatles,True,,Sgt. Pepper's Lonely Hearts Club Band,
1968,Album of the Year,Frank Sinatra & Antônio Carlos Jobim,False,,Francis Albert Sinatra & Antônio Carlos Jobim,
1968,Album of the Year,Vikki Carr,False,,It Must Be Him,
1968,Album of the Year,Ed Ames,False,,My Cup Runneth Over,
1968,Album of the Year,Bobbie Gentry,False,,Ode to Billie Joe,
1969,Album of the Year,Glen Campbell,True,,By the Time I Get to Phoenix,
1969,Album of the Year,Simon & Garfunkel,False,,Bookends,
1969,Album of the Year,José Feliciano,False,,Feliciano!,
1969,Album of the Year,The Beatles,False,,Magical Mystery Tour,
1969,Album of the Year,Richard Harris,False,,A Tramp Shining,
1970,Album of the Year,"Blood, Sweat & Tears",True,,"Blood, Sweat & Tears",
1970,Album of the Year,The Beatles,False,,Abbey Road,
1970,Album of the Year,The 5th Dimension,False,,The Age of Aquarius,
1970,Album of the Year,"Crosby, Stills & Nash",False,,"Crosby, Stills & Nash",
1970,Album of the Year,Johnny Cash,False,,Johnny Cash At San Quentin,
1971,Album of the Year,Simon & Garfunkel,True,,Bridge over Troubled Water,
1971,Album of the Year,Chicago,False,,Chicago,
1971,Album of the Year,Carpenters,False,,Close to You,
1971,Album of the Year,"Crosby, Stills, Nash & Young",False,,Déjà Vu,
1971,Album of the Year,Elton John,False,,Elton John,
1971,Album of the Year,James Taylor,False,,Sweet Baby James,
1972,Album of the Year,Carole King,True,,Tapestry,
1972,Album of the Year,George Harrison,False,,All Things Must Pass,
1972,Album of the Year,Carpenters,False,,Carpenters,
1972,Album of the Year,Various Artists,False,,Jesus Christ Superstar (London Production),
1972,Album of the Year,Isaac Hayes,False,,Shaft,
1973,Album of the Year,George Harrison & Friends,True,,The Concert for Bangladesh,
1973,Album of the Year,Don McLean,False,,American Pie,
1973,Album of the Year,Various Artists,False,,Jesus Christ Superstar — Original Broadway Cast,
1973,Album of the Year,Neil Diamond,False,,Moods,
1973,Album of the Year,Nilsson,False,,Nilsson Schmilsson,
1974,Album of the Year,Stevie Wonder,True,,Innervisions,
1974,Album of the Year,Charlie Rich,False,,Behind Closed Doors,
1974,Album of the Year,Bette Midler,False,,The Divine Miss M,
1974,Album of the Year,Roberta Flack,False,,Killing Me Softly With His Song,
1974,Album of the Year,Paul Simon,False,,There Goes Rhymin' Simon,
1975,Album of the Year,Stevie Wonder,True,,Fulfillingness' First Finale,
1975,Album of the Year,John Denver,False,,Back Home Again,
1975,Album of the Year,Paul McCartney and Wings,False,,Band on the Run,
1975,Album of the Year,Elton John,False,,Caribou,
1975,Album of the Year,Joni Mitchell,False,,Court and Spark,
1976,Album of the Year,Paul Simon,True,,Still Crazy After All These Years,
1976,Album of the Year,Janis Ian,False,,Between the Lines,
1976,Album of the Year,Elton John,False,,Captain Fantastic and the Brown Dirt Cowboy,
1976,Album of the Year,Linda Ronstadt,False,,Heart Like a Wheel,
1976,Album of the Year,Eagles,False,,One of These Nights,
1977,Album of the Year,Stevie Wonder,True,,Songs in the Key of Life,
1977,Album of the Year,George Benson,False,,Breezin',
1977,Album of the Year,Chicago,False,,Chicago X,
1977,Album of the Year,Peter Frampton,False,,Frampton Comes Alive!,
1977,Album of the Year,Boz Scaggs,False,,Silk Degrees,
1978,Album of the Year,Fleetwood Mac,True,,Rumours,
1978,Album of the Year,Steely Dan,False,,Aja,
1978,Album of the Year,Eagles,False,,Hotel California,
1978,Album of the Year,James Taylor,False,,JT,
1978,Album of the Year,John Williamsconducting theLondon Symphony Orchestra,False,,Star Wars,
1979,Album of the Year,Various Artists,True,,Saturday Night Fever – Soundtrack,
1979,Album of the Year,Barry Manilow,False,,Even Now,
1979,Album of the Year,Various Artists,False,,Grease (Original Soundtrack),
1979,Album of the Year,Jackson Browne,False,,Running on Empty,
1979,Album of the Year,The Rolling Stones,False,,Some Girls,
1980,Album of the Year,Billy Joel,True,,52nd Street,
1980,Album of the Year,The Doobie Brothers,False,,Minute by Minute,
1980,Album of the Year,Kenny Rogers,False,,The Gambler,
1980,Album of the Year,Donna Summer,False,,Bad Girls,
1980,Album of the Year,Supertramp,False,,Breakfast in America,
1981,Album of the Year,Christopher Cross,True,,Christopher Cross,
1981,Album of the Year,Billy Joel,False,,Glass Houses,
1981,Album of the Year,Pink Floyd,False,,The Wall,
1981,Album of the Year,Frank Sinatra,False,,Trilogy: Past Present Future,
1981,Album of the Year,Barbra Streisand,False,,Guilty,
1982,Album of the Year,John Lennon & Yoko Ono,True,,Double Fantasy,
1982,Album of the Year,Kim Carnes,False,,Mistaken Identity,
1982,Album of the Year,Al Jarreau,False,,Breakin' Away,
1982,Album of the Year,Quincy Jones,False,,The Dude,
1982,Album of the Year,Steely Dan,False,,Gaucho,
1983,Album of the Year,Toto,True,,Toto IV,
1983,Album of the Year,John Cougar,False,,American Fool,
1983,Album of the Year,Donald Fagen,False,,The Nightfly,
1983,Album of the Year,Billy Joel,False,,The Nylon Curtain,
1983,Album of the Year,Paul McCartney,False,,Tug of War,
1984,Album of the Year,Michael Jackson,True,,Thriller,
1984,Album of the Year,David Bowie,False,,Let's Dance,
1984,Album of the Year,Billy Joel,False,,An Innocent Man,
1984,Album of the Year,The Police,False,,Synchronicity,
1984,Album of the Year,Various Artists,False,,Flashdance: Original Soundtrack from the Motion Picture,
1985,Album of the Year,Lionel Richie,True,,Can't Slow Down,
1985,Album of the Year,Cyndi Lauper,False,,She's So Unusual,
1985,Album of the Year,Prince & The Revolution,False,,Purple Rain,
1985,Album of the Year,Bruce Springsteen,False,,Born in the U.S.A.,
1985,Album of the Year,Tina Turner,False,,Private Dancer,
1986,Album of the Year,Phil Collins,True,,No Jacket Required,
1986,Album of the Year,Dire Straits,False,,Brothers in Arms,
1986,Album of the Year,Whitney Houston,False,,Whitney Houston,
1986,Album of the Year,Sting,False,,The Dream of the Blue Turtles,
1986,Album of the Year,USA for Africa,False,,We Are the World,
1987,Album of the Year,Paul Simon,True,,Graceland,
1987,Album of the Year,Peter Gabriel,True,,So,
1987,Album of the Year,Janet Jackson,False,,Control,
1987,Album of the Year,Barbra Streisand,False,,The Broadway Album,
1987,Album of the Year,Steve Winwood,False,,Back in the High Life,
1988,Album of the Year,U2,True,,The Joshua Tree,
1988,Album of the Year,Whitney Houston,False,,Whitney,
1988,Album of the Year,Michael Jackson,False,,Bad,
1988,Album of the Year,"Dolly Parton,Linda Ronstadt & Emmylou Harris",False,,Trio,
1988,Album of the Year,Prince,False,,Sign o' the Times,
1989,Album of the Year,George Michael,True,,Faith,
1989,Album of the Year,Tracy Chapman,False,,Tracy Chapman,
1989,Album of the Year,Bobby McFerrin,False,,Simple Pleasures,
1989,Album of the Year,Sting,False,,...Nothing Like the Sun,
1989,Album of the Year,Steve Winwood,False,,Roll with It,
1990,Album of the Year,Bonnie Raitt,True,,Nick of Time,
1990,Album of the Year,Don Henley,False,,The End of the Innocence,
1990,Album of the Year,Fine Young Cannibals,False,,The Raw & the Cooked,
1990,Album of the Year,Tom Petty,False,,Full Moon Fever,
1990,Album of the Year,Traveling Wilburys,False,,Traveling Wilburys Vol. 1,
1991,Album of the Year,Quincy Jones,True,,Back on the Block,
1991,Album of the Year,Phil Collins,False,,...But Seriously,
1991,Album of the Year,Mariah Carey,False,,Mariah Carey,
1991,Album of the Year,MC Hammer,False,,Please Hammer Don't Hurt 'Em,
1991,Album of the Year,Wilson Phillips,False,,Wilson Phillips,
1992,Album of the Year,Natalie Cole,True,,Unforgettable... with Love,
1992,Album of the Year,Amy Grant,False,,Heart in Motion,
1992,Album of the Year,Bonnie Raitt,False,,Luck of the Draw,
1992,Album of the Year,R.E.M.,False,,Out of Time,
1992,Album of the Year,Paul Simon,False,,The Rhythm of the Saints,
1993,Album of the Year,Eric Clapton,True,,Unplugged,
1993,Album of the Year,U2,False,,Achtung Baby,
1993,Album of the Year,Various Artists,False,,Beauty and the Beast,
1993,Album of the Year,Annie Lennox,False,,Diva,
1993,Album of the Year,k.d. lang,False,,Ingenue,
1994,Album of the Year,Whitney Houston,True,,The Bodyguard – Original Soundtrack Album[b],
1994,Album of the Year,R.E.M.,False,,Automatic for the People,
1994,Album of the Year,Donald Fagen,False,,Kamakiriad,
1994,Album of the Year,Billy Joel,False,,River of Dreams,
1994,Album of the Year,Sting,False,,Ten Summoner's Tales,
1995,Album of the Year,Tony Bennett,True,,MTV Unplugged,
1995,Album of the Year,Eric Clapton,False,,From the Cradle,
1995,Album of the Year,Bonnie Raitt,False,,Longing in Their Hearts,
1995,Album of the Year,Seal,False,,Seal,
1995,Album of the Year,"José Carreras,Plácido Domingo & Luciano PavarottiwithZubin Mehta",False,,The 3 Tenors in Concert 1994,
1996,Album of the Year,Alanis Morissette,True,,Jagged Little Pill,
1996,Album of the Year,Mariah Carey,False,,Daydream,
1996,Album of the Year,Michael Jackson,False,,"HIStory: Past, Present and Future, Book I",
1996,Album of the Year,Joan Osborne,False,,Relish,
1996,Album of the Year,Pearl Jam,False,,Vitalogy,
1997,Album of the Year,Celine Dion,True,,Falling into You,
1997,Album of the Year,The Smashing Pumpkins,False,,Mellon Collie and the Infinite Sadness,
1997,Album of the Year,Beck,False,,Odelay,
1997,Album of the Year,The Fugees,False,,The Score,
1997,Album of the Year,Various Artists,False,,Waiting to Exhale: Original Soundtrack Album,
1998,Album of the Year,Bob Dylan,True,,Time Out of Mind,
1998,Album of the Year,Babyface,False,,The Day,
1998,Album of the Year,Paul McCartney,False,,Flaming Pie,
1998,Album of the Year,Radiohead,False,,OK Computer,
1998,Album of the Year,Paula Cole,False,,This Fire,
1999,Album of the Year,Lauryn Hill,True,,The Miseducation of Lauryn Hill,
1999,Album of the Year,Shania Twain,False,,Come on Over,
1999,Album of the Year,Sheryl Crow,False,,The Globe Sessions,
1999,Album of the Year,Madonna,False,,Ray of Light,
1999,Album of the Year,Garbage,False,,Version 2.0,
2000,Album of the Year,Santana,True,,Supernatural,
2000,Album of the Year,TLC,False,,FanMail,
2000,Album of the Year,Dixie Chicks,False,,Fly,
2000,Album of the Year,Backstreet Boys,False,,Millennium,
2000,Album of the Year,Diana Krall,False,,When I Look in Your Eyes,
2001,Album of the Year,Steely Dan,True,,Two Against Nature,
2001,Album of the Year,Radiohead,False,,Kid A,
2001,Album of the Year,Eminem,False,,The Marshall Mathers LP,
2001,Album of the Year,Beck,False,,Midnite Vultures,
2001,Album of the Year,Paul Simon,False,,You're the One,
2002,Album of the Year,Various Artists,True,,"O Brother, Where Art Thou? – Soundtrack[c]",
2002,Album of the Year,India.Arie,False,,Acoustic Soul,
2002,Album of the Year,U2,False,,All That You Can't Leave Behind,
2002,Album of the Year,Bob Dylan,False,,Love and Theft,
2002,Album of the Year,OutKast,False,,Stankonia,
2003,Album of the Year,Norah Jones,True,,Come Away with Me,
2003,Album of the Year,Eminem,False,,The Eminem Show,
2003,Album of the Year,Dixie Chicks,False,,Home,
2003,Album of the Year,Nelly,False,,Nellyville,
2003,Album of the Year,Bruce Springsteen,False,,The Rising,
2004,Album of the Year,OutKast,True,,Speakerboxxx/The Love Below,
2004,Album of the Year,The White Stripes,False,,Elephant,
2004,Album of the Year,Evanescence,False,,Fallen,
2004,Album of the Year,Justin Timberlake,False,,Justified,
2004,Album of the Year,Missy Elliott,False,,Under Construction,
2005,Album of the Year,Ray Charles & Various Artists,True,,Genius Loves Company,
2005,Album of the Year,Green Day,False,,American Idiot,
2005,Album of the Year,Kanye West,False,,The College Dropout,
2005,Album of the Year,Usher,False,,Confessions,
2005,Album of the Year,Alicia Keys,False,,The Diary of Alicia Keys,
2006,Album of the Year,U2,True,,How to Dismantle an Atomic Bomb,
2006,Album of the Year,Paul McCartney,False,,Chaos and Creation in the Backyard,
2006,Album of the Year,Mariah Carey,False,,The Emancipation of Mimi,
2006,Album of the Year,Kanye West,False,,Late Registration,
2006,Album of the Year,Gwen Stefani,False,,Love. Angel. Music. Baby.,
2007,Album of the Year,Dixie Chicks,True,,Taking the Long Way,
2007,Album of the Year,John Mayer,False,,Continuum,
2007,Album of the Year,Justin Timberlake,False,,FutureSex/LoveSounds,
2007,Album of the Year,Gnarls Barkley,False,,St. Elsewhere,
2007,Album of the Year,Red Hot Chili Peppers,False,,Stadium Arcadium,
2008,Album of the Year,Herbie Hancock,True,,River: The Joni Letters,
2008,Album of the Year,Amy Winehouse,False,,Back to Black,
2008,Album of the Year,Foo Fighters,False,,"Echoes, Silence, Patience & Grace",
2008,Album of the Year,Kanye West,False,,Graduation,
2008,Album of the Year,Vince Gill,False,,These Days,
2009,Album of the Year,Robert Plant & Alison Krauss,True,,Raising Sand,
2009,Album of the Year,Radiohead,False,,In Rainbows,
2009,Album of the Year,Lil Wayne,False,,Tha Carter III,
2009,Album of the Year,Coldplay,False,,Viva la Vida or Death and All His Friends,
2009,Album of the Year,Ne-Yo,False,,Year of the Gentleman,
2010,Album of the Year,Taylor Swift,True,,Fearless,
2010,Album of the Year,Dave Matthews Band,False,,Big Whiskey & the GrooGrux King,
2010,Album of the Year,Black Eyed Peas,False,,The E.N.D.,
2010,Album of the Year,Lady Gaga,False,,The Fame,
2010,Album of the Year,Beyoncé,False,,I Am... Sasha Fierce,
2011,Album of the Year,Arcade Fire,True,,The Suburbs,
2011,Album of the Year,Lady Gaga,False,,The Fame Monster,
2011,Album of the Year,Lady Antebellum,False,,Need You Now,
2011,Album of the Year,Eminem,False,,Recovery,
2011,Album of the Year,Katy Perry,False,,Teenage Dream,
2012,Album of the Year,Adele,True,,21,
2012,Album of the Year,Lady Gaga,False,,Born This Way,
2012,Album of the Year,Bruno Mars,False,,Doo-Wops & Hooligans,
2012,Album of the Year,Rihanna,False,,Loud,
2012,Album of the Year,Foo Fighters,False,,Wasting Light,
2013,Album of the Year,Mumford & Sons,True,,Babel,
2013,Album of the Year,Jack White,False,,Blunderbuss,
2013,Album of the Year,Frank Ocean,False,,Channel Orange,
2013,Album of the Year,The Black Keys,False,,El Camino,
2013,Album of the Year,Fun.,False,,Some Nights,
2014,Album of the Year,Daft Punk,True,,Random Access Memories,
2014,Album of the Year,Sara Bareilles,False,,The Blessed Unrest,
2014,Album of the Year,Kendrick Lamar,False,,"Good Kid, M.A.A.D City",
2014,Album of the Year,Macklemore & Ryan Lewis,False,,The Heist,
2014,Album of the Year,Taylor Swift,False,,Red,
2015,Album of the Year,Beck,True,,Morning Phase,
2015,Album of the Year,Beyoncé,False,,Beyoncé,
2015,Album of the Year,Pharrell Williams,False,,Girl,
2015,Album of the Year,Sam Smith,False,,In the Lonely Hour,
2015,Album of the Year,Ed Sheeran,False,,x,
2016,Album of the Year,Taylor Swift,True,,1989,
2016,Album of the Year,The Weeknd,False,,Beauty Behind the Madness,
2016,Album of the Year,Alabama Shakes,False,,Sound & Color,
2016,Album of the Year,Kendrick Lamar,False,,To Pimp a Butterfly,
2016,Album of the Year,Chris Stapleton,False,,Traveller,
2017,Album of the Year,Adele,True,,25,
2017,Album of the Year,Beyoncé,False,,Lemonade,
2017,Album of the Year,Justin Bieber,False,,Purpose,
2017,Album of the Year,Sturgill Simpson,False,,A Sailor's Guide to Earth,
2017,Album of the Year,Drake,False,,Views,
2018,Album of the Year,Bruno Mars,True,,24K Magic,
2018,Album of the Year,Childish Gambino,False,,"""Awaken, My Love!""",
2018,Album of the Year,Kendrick Lamar,False,,Damn.,
2018,Album of the Year,Jay-Z,False,,4:44,
2018,Album of the Year,Lorde,False,,Melodrama,
2019,Album of the Year,Kacey Musgraves,True,,Golden Hour,
2019,Album of the Year,Post Malone,False,,Beerbongs & Bentleys,
2019,Album of the Year,Various Artists,False,,"Black Panther: The Album, Music from and Inspired By",
2019,Album of the Year,Brandi Carlile,False,,"By the Way, I Forgive You",
2019,Album of the Year,Janelle Monáe,False,,Dirty Computer,
2019,Album of the Year,H.E.R.,False,,H.E.R.,
2019,Album of the Year,Cardi B,False,,Invasion of Privacy,
2019,Album of the Year,Drake,False,,Scorpion,
2020,Album of the Year,Billie Eilish,True,,"When We All Fall Asleep, Where Do We Go?",
2020,Album of the Year,Lizzo,False,,Cuz I Love You(Deluxe),
2020,Album of the Year,Vampire Weekend,False,,Father of the Bride,
2020,Album of the Year,Bon Iver,False,,"I, I",
2020,Album of the Year,H.E.R.,False,,I Used to Know Her,
2020,Album of the Year,Lana Del Rey,False,,Norman Fucking Rockwell!,
2020,Album of the Year,Lil Nas X,False,,7,
2020,Album of the Year,Ariana Grande,False,,"Thank U, Next",
2021,Album of the Year,Taylor Swift,True,,Folklore,
2021,Album of the Year,Black Pumas,False,,Black Pumas (Deluxe Edition),
2021,Album of the Year,Jhené Aiko,False,,Chilombo,
2021,Album of the Year,Jacob Collier,False,,Djesse Vol. 3,
2021,Album of the Year,Coldplay,False,,Everyday Life,
2021,Album of the Year,Dua Lipa,False,,Future Nostalgia,
2021,Album of the Year,Post Malone,False,,Hollywood's Bleeding,
2021,Album of the Year,Haim,False,,Women in Music Pt. III,
2022,Album of the Year,Jon Batiste,True,,We Are,
2022,Album of the Year,H.E.R.,False,,Back of My Mind,
2022,Album of the Year,Kanye West,False,,Donda,
2022,Album of the Year,Taylor Swift,False,,Evermore,
2022,Album of the Year,Billie Eilish,False,,Happier Than Ever,
2022,Album of the Year,Justin Bieber,False,,Justice (Triple Chucks Deluxe),
2022,Album of the Year,Tony Bennett & Lady Gaga,False,,Love for Sale,
2022,Album of the Year,Lil Nas X,False,,Montero,
2022,Album of the Year,Doja Cat,False,,Planet Her (Deluxe),
2022,Album of the Year,Olivia Rodrigo,False,,Sour,
2023,Album of the Year,Harry Styles,True,,Harry's House,
2023,Album of the Year,Adele,False,,30,
2023,Album of the Year,Mary J. Blige,False,,Good Morning Gorgeous (Deluxe),
2023,Album of the Year,Brandi Carlile,False,,In These Silent Days,
2023,Album of the Year,Kendrick Lamar,False,,Mr. Morale & the Big Steppers,
2023,Album of the Year,Coldplay,False,,Music of the Spheres,
2023,Album of the Year,Beyoncé,False,,Renaissance,
2023,Album of the Year,Lizzo,False,,Special,
2023,Album of the Year,Bad Bunny,False,,Un Verano Sin Ti,
2023,Album of the Year,ABBA,False,,Voyage,
2024,Album of the Year,Taylor Swift,True,,Midnights,
2024,Album of the Year,Janelle Monáe,False,,The Age of Pleasure,
2024,Album of the Year,Lana Del Rey,False,,Did You Know That There's a Tunnel Under Ocean Blvd,
2024,Album of the Year,Miley Cyrus,False,,Endless Summer Vacation,
2024,Album of the Year,Olivia Rodrigo,False,,Guts,
2024,Album of the Year,Boygenius,False,,The Record,
2024,Album of the Year,SZA,False,,SOS,
2024,Album of the Year,Jon Batiste,False,,World Music Radio,
2025,Album of the Year,Beyoncé,True,,Cowboy Carter,
2025,Album of the Year,Charli XCX,False,,Brat,
2025,Album of the Year,Jacob Collier,False,,Djesse Vol. 4,
2025,Album of the Year,Billie Eilish,False,,Hit Me Hard and Soft,
2025,Album of the Year,André 3000,False,,New Blue Sun,
2025,Album of the Year,Chappell Roan,False,,The Rise and Fall of a Midwest Princess,
2025,Album of the Year,Sabrina Carpenter,False,,Short n' Sweet,
2025,Album of the Year,Taylor Swift,False,,The Tortured Poets Department,
2026,Album of the Year,Bad Bunny,True,,Debí Tirar Más Fotos,
2026,Album of the Year,"Tyler, the Creator",False,,Chromakopia,
2026,Album of the Year,Kendrick Lamar,False,,GNX,
2026,Album of the Year,Clipse,False,,Let God Sort Em Out,
2026,Album of the Year,Sabrina Carpenter,False,,Man's Best Friend,
2026,Album of the Year,Lady Gaga,False,,Mayhem,
2026,Album of the Year,Leon Thomas,False,,Mutt,
2026,Album of the Year,Justin Bieber,False,,Swag,
1961,Record of the Year,Percy Faith,True,,,"""Theme from A Summer Place"""
1961,Record of the Year,Elvis Presley,False,,,"""Are You Lonesome Tonight?"""
1961,Record of the Year,Ray Charles,False,,,"""Georgia on My Mind"""
1961,Record of the Year,Ella Fitzgerald,False,,,"""Mack the Knife"""
1961,Record of the Year,Frank Sinatra,False,,,"""Nice 'n' Easy"""
1962,Record of the Year,Henry Mancini,True,,,"""Moon River"""
1962,Record of the Year,Jimmy Dean,False,,,"""Big Bad John"""
1962,Record of the Year,Frank Sinatra,False,,,"""The Second Time Around"""
1962,Record of the Year,The Dave Brubeck Quartet,False,,,"""Take Five"""
1962,Record of the Year,Si Zentner,False,,,"""(Up a) Lazy River"""
1963,Record of the Year,Tony Bennett,True,,,"""I Left My Heart in San Francisco"""
1963,Record of the Year,Stan Getz & Charlie Byrd,False,,,"""Desafinado"""
1963,Record of the Year,Joe Harnelland His Orchestra,False,,,"""Fly Me to the Moon Bossa Nova"""
1963,Record of the Year,Ray Charles,False,,,"""I Can't Stop Loving You"""
1963,Record of the Year,Sammy Davis Jr.,False,,,"""What Kind of Fool Am I?"""
1964,Record of the Year,Henry Mancini,True,,,"""Days of Wine and Roses"""
1964,Record of the Year,The Singing Nun,False,,,"""Dominique"""
1964,Record of the Year,Barbra Streisand,False,,,"""Happy Days Are Here Again"""
1964,Record of the Year,Tony Bennett,False,,,"""I Wanna Be Around"""
1964,Record of the Year,Jack Jones,False,,,"""Wives and Lovers"""
1965,Record of the Year,Stan Getz & Astrud Gilberto,True,,,"""The Girl from Ipanema"""
1965,Record of the Year,Petula Clark,False,,,"""Downtown"""
1965,Record of the Year,Louis Armstrong,False,,,"""Hello, Dolly!"""
1965,Record of the Year,The Beatles,False,,,"""I Want to Hold Your Hand"""
1965,Record of the Year,Barbra Streisand,False,,,"""People"""
1966,Record of the Year,Herb Alpert & the Tijuana Brass,True,,,"""A Taste of Honey"""
1966,Record of the Year,Ramsey Lewis Trio,False,,,"""The 'In' Crowd"""
1966,Record of the Year,Roger Miller,False,,,"""King of the Road"""
1966,Record of the Year,Tony Bennett,False,,,"""The Shadow of Your Smile (Love Theme From ""The Sandpiper"")"""
1966,Record of the Year,The Beatles,False,,,"""Yesterday"""
1967,Record of the Year,Frank Sinatra,True,,,"""Strangers in the Night"""
1967,Record of the Year,David Houston,False,,,"""Almost Persuaded"""
1967,Record of the Year,The Mamas and the Papas,False,,,"""Monday, Monday"""
1967,Record of the Year,Herb Alpert & the Tijuana Brass,False,,,"""What Now My Love"""
1967,Record of the Year,The New Vaudeville Band,False,,,"""Winchester Cathedral"""
1968,Record of the Year,The 5th Dimension,True,,,"""Up, Up and Away"""
1968,Record of the Year,Glen Campbell,False,,,"""By the Time I Get to Phoenix"""
1968,Record of the Year,Ed Ames,False,,,"""My Cup Runneth Over"""
1968,Record of the Year,Bobbie Gentry,False,,,"""Ode to Billie Joe"""
1968,Record of the Year,Frank Sinatra & Nancy Sinatra,False,,,"""Somethin' Stupid"""
1969,Record of the Year,Simon & Garfunkel,True,,,"""Mrs. Robinson"""
1969,Record of the Year,Jeannie C. Riley,False,,,"""Harper Valley PTA"""
1969,Record of the Year,The Beatles,False,,,"""Hey Jude"""
1969,Record of the Year,Bobby Goldsboro,False,,,"""Honey"""
1969,Record of the Year,Glen Campbell,False,,,"""Wichita Lineman"""
1970,Record of the Year,The 5th Dimension,True,,,"""Aquarius/Let the Sunshine In"""
1970,Record of the Year,Johnny Cash,False,,,"""A Boy Named Sue"""
1970,Record of the Year,Peggy Lee,False,,,"""Is That All There Is?"""
1970,Record of the Year,Henry Mancini,False,,,"""Love Theme from Romeo and Juliet"""
1970,Record of the Year,"Blood, Sweat & Tears",False,,,"""Spinning Wheel"""
1971,Record of the Year,Simon & Garfunkel,True,,,"""Bridge over Troubled Water"""
1971,Record of the Year,The Carpenters,False,,,"""(They Long to Be) Close to You"""
1971,Record of the Year,Ray Stevens,False,,,"""Everything Is Beautiful"""
1971,Record of the Year,James Taylor,False,,,"""Fire and Rain"""
1971,Record of the Year,The Beatles,False,,,"""Let It Be"""
1972,Record of the Year,Carole King,True,,,"""It's Too Late"""
1972,Record of the Year,Three Dog Night,False,,,"""Joy to the World"""
1972,Record of the Year,George Harrison,False,,,"""My Sweet Lord"""
1972,Record of the Year,Isaac Hayes,False,,,"""Theme from Shaft"""
1972,Record of the Year,James Taylor,False,,,"""You've Got a Friend"""
1973,Record of the Year,Roberta Flack,True,,,"""The First Time Ever I Saw Your Face"""
1973,Record of the Year,Gilbert O'Sullivan,False,,,"""Alone Again (Naturally)"""
1973,Record of the Year,Don McLean,False,,,"""American Pie"""
1973,Record of the Year,Neil Diamond,False,,,"""Song Sung Blue"""
1973,Record of the Year,Harry Nilsson,False,,,"""Without You"""
1974,Record of the Year,Roberta Flack,True,,,"""Killing Me Softly with His Song"""
1974,Record of the Year,Jim Croce,False,,,"""Bad, Bad Leroy Brown"""
1974,Record of the Year,Charlie Rich,False,,,"""Behind Closed Doors"""
1974,Record of the Year,Stevie Wonder,False,,,"""You Are the Sunshine of My Life"""
1974,Record of the Year,Carly Simon,False,,,"""You're So Vain"""
1975,Record of the Year,Olivia Newton-John,True,,,"""I Honestly Love You"""
1975,Record of the Year,Elton John,False,,,"""Don't Let the Sun Go Down on Me"""
1975,Record of the Year,Roberta Flack,False,,,"""Feel Like Makin' Love"""
1975,Record of the Year,Joni Mitchell,False,,,"""Help Me"""
1975,Record of the Year,Maria Muldaur,False,,,"""Midnight at the Oasis"""
1976,Record of the Year,Captain & Tennille,True,,,"""Love Will Keep Us Together"""
1976,Record of the Year,Janis Ian,False,,,"""At Seventeen"""
1976,Record of the Year,Eagles,False,,,"""Lyin' Eyes"""
1976,Record of the Year,Barry Manilow,False,,,"""Mandy"""
1976,Record of the Year,Glen Campbell,False,,,"""Rhinestone Cowboy"""
1977,Record of the Year,George Benson,True,,,"""This Masquerade"""
1977,Record of the Year,Starland Vocal Band,False,,,"""Afternoon Delight"""
1977,Record of the Year,Paul Simon,False,,,"""50 Ways to Leave Your Lover"""
1977,Record of the Year,Barry Manilow,False,,,"""I Write the Songs"""
1977,Record of the Year,Chicago,False,,,"""If You Leave Me Now"""
1978,Record of the Year,Eagles,True,,,"""Hotel California"""
1978,Record of the Year,Linda Ronstadt,False,,,"""Blue Bayou"""
1978,Record of the Year,Crystal Gayle,False,,,"""Don't It Make My Brown Eyes Blue"""
1978,Record of the Year,Barbra Streisand,False,,,"""Evergreen (Love Theme from A Star Is Born)"""
1978,Record of the Year,Debby Boone,False,,,"""You Light Up My Life"""
1979,Record of the Year,Billy Joel,True,,,"""Just the Way You Are"""
1979,Record of the Year,Gerry Rafferty,False,,,"""Baker Street"""
1979,Record of the Year,Chuck Mangione,False,,,"""Feels So Good"""
1979,Record of the Year,Bee Gees,False,,,"""Stayin' Alive"""
1979,Record of the Year,Anne Murray,False,,,"""You Needed Me"""
1980,Record of the Year,The Doobie Brothers,True,,,"""What a Fool Believes"""
1980,Record of the Year,"Earth, Wind & Fire",False,,,"""After the Love Has Gone"""
1980,Record of the Year,Kenny Rogers,False,,,"""The Gambler"""
1980,Record of the Year,Gloria Gaynor,False,,,"""I Will Survive"""
1980,Record of the Year,Barbra Streisand & Neil Diamond,False,,,"""You Don't Bring Me Flowers"""
1981,Record of the Year,Christopher Cross,True,,,"""Sailing"""
1981,Record of the Year,Kenny Rogers,False,,,"""Lady"""
1981,Record of the Year,Bette Midler,False,,,"""The Rose"""
1981,Record of the Year,Frank Sinatra,False,,,"""Theme from New York, New York"""
1981,Record of the Year,Barbra Streisand,False,,,"""Woman in Love"""
1982,Record of the Year,Kim Carnes,True,,,"""Bette Davis Eyes"""
1982,Record of the Year,Christopher Cross,False,,,"""Arthur's Theme (Best That You Can Do)"""
1982,Record of the Year,Diana Ross & Lionel Richie,False,,,"""Endless Love"""
1982,Record of the Year,Grover Washington Jr.withBill Withers,False,,,"""Just the Two of Us"""
1982,Record of the Year,John Lennon,False,,,"""(Just Like) Starting Over"""
1983,Record of the Year,Toto,True,,,"""Rosanna"""
1983,Record of the Year,Willie Nelson,False,,,"""Always on My Mind"""
1983,Record of the Year,Vangelis,False,,,"""Chariots of Fire"""
1983,Record of the Year,Paul McCartney & Stevie Wonder,False,,,"""Ebony and Ivory"""
1983,Record of the Year,Joe Jackson,False,,,"""Steppin' Out"""
1984,Record of the Year,Michael Jackson,True,,,"""Beat It"""
1984,Record of the Year,Lionel Richie,False,,,"""All Night Long (All Night)"""
1984,Record of the Year,The Police,False,,,"""Every Breath You Take"""
1984,Record of the Year,Irene Cara,False,,,"""Flashdance... What a Feeling"""
1984,Record of the Year,Michael Sembello,False,,,"""Maniac"""
1985,Record of the Year,Tina Turner,True,,,"""What's Love Got to Do with It"""
1985,Record of the Year,Bruce Springsteen,False,,,"""Dancing in the Dark"""
1985,Record of the Year,Cyndi Lauper,False,,,"""Girls Just Want to Have Fun"""
1985,Record of the Year,Chicago,False,,,"""Hard Habit to Break"""
1985,Record of the Year,Huey Lewis and the News,False,,,"""The Heart of Rock & Roll"""
1986,Record of the Year,USA for Africa,True,,,"""We Are the World"""
1986,Record of the Year,Bruce Springsteen,False,,,"""Born in the U.S.A."""
1986,Record of the Year,Don Henley,False,,,"""The Boys of Summer"""
1986,Record of the Year,Dire Straits,False,,,"""Money for Nothing"""
1986,Record of the Year,Huey Lewis and the News,False,,,"""The Power of Love"""
1987,Record of the Year,Steve Winwood,True,,,"""Higher Love"""
1987,Record of the Year,Robert Palmer,False,,,"""Addicted to Love"""
1987,Record of the Year,Whitney Houston,False,,,"""Greatest Love of All"""
1987,Record of the Year,Peter Gabriel,False,,,"""Sledgehammer"""
1987,Record of the Year,Dionne Warwick & Friends,False,,,"""That's What Friends Are For"""
1988,Record of the Year,Paul Simon,True,,,"""Graceland"""
1988,Record of the Year,Steve Winwood,False,,,"""Back in the High Life Again"""
1988,Record of the Year,Los Lobos,False,,,"""La Bamba"""
1988,Record of the Year,U2,False,,,"""I Still Haven't Found What I'm Looking For"""
1988,Record of the Year,Suzanne Vega,False,,,"""Luka"""
1989,Record of the Year,Bobby McFerrin,True,,,"""Don't Worry, Be Happy"""
1989,Record of the Year,Tracy Chapman,False,,,"""Fast Car"""
1989,Record of the Year,Anita Baker,False,,,"""Giving You the Best That I Got"""
1989,Record of the Year,Michael Jackson,False,,,"""Man in the Mirror"""
1989,Record of the Year,Steve Winwood,False,,,"""Roll with It"""
1990,Record of the Year,Bette Midler,True,,,"""Wind Beneath My Wings"""
1990,Record of the Year,Don Henley,False,,,"""The End of the Innocence"""
1990,Record of the Year,Mike + The Mechanics,False,,,"""The Living Years"""
1990,Record of the Year,Fine Young Cannibals,False,,,"""She Drives Me Crazy"""
1990,Record of the Year,Billy Joel,False,,,"""We Didn't Start the Fire"""
1991,Record of the Year,Phil Collins,True,,,"""Another Day in Paradise"""
1991,Record of the Year,Bette Midler,False,,,"""From a Distance"""
1991,Record of the Year,Sinéad O'Connor,False,,,"""Nothing Compares 2 U"""
1991,Record of the Year,MC Hammer,False,,,"""U Can't Touch This"""
1991,Record of the Year,Mariah Carey,False,,,"""Vision of Love"""
1992,Record of the Year,Natalie Cole,True,,,"""Unforgettable"""
1992,Record of the Year,Amy Grant,False,,,"""Baby Baby"""
1992,Record of the Year,Bryan Adams,False,,,"""(Everything I Do) I Do It for You"""
1992,Record of the Year,R.E.M.,False,,,"""Losing My Religion"""
1992,Record of the Year,Bonnie Raitt,False,,,"""Something to Talk About"""
1993,Record of the Year,Eric Clapton,True,,,"""Tears in Heaven"""
1993,Record of the Year,Billy Ray Cyrus,False,,,"""Achy Breaky Heart"""
1993,Record of the Year,Celine Dion & Peabo Bryson,False,,,"""Beauty and the Beast"""
1993,Record of the Year,k.d. lang,False,,,"""Constant Craving"""
1993,Record of the Year,Vanessa Williams,False,,,"""Save the Best for Last"""
1994,Record of the Year,Whitney Houston,True,,,"""I Will Always Love You"""
1994,Record of the Year,Neil Young,False,,,"""Harvest Moon"""
1994,Record of the Year,Sting,False,,,"""If I Ever Lose My Faith in You"""
1994,Record of the Year,Billy Joel,False,,,"""The River of Dreams"""
1994,Record of the Year,Peabo Bryson & Regina Belle,False,,,"""A Whole New World"""
1995,Record of the Year,Sheryl Crow,True,,,"""All I Wanna Do"""
1995,Record of the Year,Mary Chapin Carpenter,False,,,"""He Thinks He'll Keep Her"""
1995,Record of the Year,Boyz II Men,False,,,"""I'll Make Love to You"""
1995,Record of the Year,Bonnie Raitt,False,,,"""Love Sneakin' Up On You"""
1995,Record of the Year,Bruce Springsteen,False,,,"""Streets of Philadelphia"""
1996,Record of the Year,Seal,True,,,"""Kiss from a Rose"""
1996,Record of the Year,Coolio,False,,,"""Gangsta's Paradise"""
1996,Record of the Year,Joan Osborne,False,,,"""One of Us"""
1996,Record of the Year,Mariah Carey & Boyz II Men,False,,,"""One Sweet Day"""
1996,Record of the Year,TLC,False,,,"""Waterfalls"""
1997,Record of the Year,Eric Clapton,True,,,"""Change the World"""
1997,Record of the Year,The Smashing Pumpkins,False,,,"""1979"""
1997,Record of the Year,Celine Dion,False,,,"""Because You Loved Me"""
1997,Record of the Year,Tracy Chapman,False,,,"""Give Me One Reason"""
1997,Record of the Year,Alanis Morissette,False,,,"""Ironic"""
1998,Record of the Year,Shawn Colvin,True,,,"""Sunny Came Home"""
1998,Record of the Year,Sheryl Crow,False,,,"""Everyday Is a Winding Road"""
1998,Record of the Year,R. Kelly,False,,,"""I Believe I Can Fly"""
1998,Record of the Year,Hanson,False,,,"""MMMBop"""
1998,Record of the Year,Paula Cole,False,,,"""Where Have All the Cowboys Gone?"""
1999,Record of the Year,Celine Dion,True,,,"""My Heart Will Go On"""
1999,Record of the Year,Brandy & Monica,False,,,"""The Boy Is Mine"""
1999,Record of the Year,Goo Goo Dolls,False,,,"""Iris"""
1999,Record of the Year,Madonna,False,,,"""Ray of Light"""
1999,Record of the Year,Shania Twain,False,,,"""You're Still the One"""
2000,Record of the Year,SantanafeaturingRob Thomas,True,,,"""Smooth"""
2000,Record of the Year,Cher,False,,,"""Believe"""
2000,Record of the Year,Backstreet Boys,False,,,"""I Want It That Way"""
2000,Record of the Year,Ricky Martin,False,,,"""Livin' la Vida Loca"""
2000,Record of the Year,TLC,False,,,"""No Scrubs"""
2001,Record of the Year,U2,True,,,"""Beautiful Day"""
2001,Record of the Year,*NSYNC,False,,,"""Bye Bye Bye"""
2001,Record of the Year,Macy Gray,False,,,"""I Try"""
2001,Record of the Year,Madonna,False,,,"""Music"""
2001,Record of the Year,Destiny's Child,False,,,"""Say My Name"""
2002,Record of the Year,U2,True,,,"""Walk On"""
2002,Record of the Year,Train,False,,,"""Drops of Jupiter"""
2002,Record of the Year,Alicia Keys,False,,,"""Fallin'"""
2002,Record of the Year,Outkast,False,,,"""Ms. Jackson"""
2002,Record of the Year,India.Arie,False,,,"""Video"""
2003,Record of the Year,Norah Jones,True,,,"""Don't Know Why"""
2003,Record of the Year,NellyfeaturingKelly Rowland,False,,,"""Dilemma"""
2003,Record of the Year,Nickelback,False,,,"""How You Remind Me"""
2003,Record of the Year,Vanessa Carlton,False,,,"""A Thousand Miles"""
2003,Record of the Year,Eminem,False,,,"""Without Me"""
2004,Record of the Year,Coldplay,True,,,"""Clocks"""
2004,Record of the Year,BeyoncéfeaturingJay-Z,False,,,"""Crazy in Love"""
2004,Record of the Year,Outkast,False,,,"""Hey Ya!"""
2004,Record of the Year,Eminem,False,,,"""Lose Yourself"""
2004,Record of the Year,The Black Eyed Peas & Justin Timberlake,False,,,"""Where Is the Love?"""
2005,Record of the Year,Ray Charles & Norah Jones,True,,,"""Here We Go Again"""
2005,Record of the Year,Green Day,False,,,"""American Idiot"""
2005,Record of the Year,Los Lonely Boys,False,,,"""Heaven"""
2005,Record of the Year,The Black Eyed Peas,False,,,"""Let's Get It Started"""
2005,Record of the Year,UsherfeaturingLil Jon & Ludacris,False,,,"""Yeah"""
2006,Record of the Year,Green Day,True,,,"""Boulevard of Broken Dreams"""
2006,Record of the Year,GorillazfeaturingDe La Soul,False,,,"""Feel Good Inc."""
2006,Record of the Year,Kanye West,False,,,"""Gold Digger"""
2006,Record of the Year,Gwen Stefani,False,,,"""Hollaback Girl"""
2006,Record of the Year,Mariah Carey,False,,,"""We Belong Together"""
2007,Record of the Year,Dixie Chicks,True,,,"""Not Ready to Make Nice"""
2007,Record of the Year,Mary J. Blige,False,,,"""Be Without You"""
2007,Record of the Year,Gnarls Barkley,False,,,"""Crazy"""
2007,Record of the Year,Corinne Bailey Rae,False,,,"""Put Your Records On"""
2007,Record of the Year,James Blunt,False,,,"""You're Beautiful"""
2008,Record of the Year,Amy Winehouse,True,,,"""Rehab"""
2008,Record of the Year,Beyoncé,False,,,"""Irreplaceable"""
2008,Record of the Year,Foo Fighters,False,,,"""The Pretender"""
2008,Record of the Year,RihannafeaturingJay-Z,False,,,"""Umbrella"""
2008,Record of the Year,Justin Timberlake,False,,,"""What Goes Around... Comes Around"""
2009,Record of the Year,Robert Plant & Alison Krauss,True,,,"""Please Read the Letter"""
2009,Record of the Year,Leona Lewis,False,,,"""Bleeding Love"""
2009,Record of the Year,Adele,False,,,"""Chasing Pavements"""
2009,Record of the Year,M.I.A.,False,,,"""Paper Planes"""
2009,Record of the Year,Coldplay,False,,,"""Viva la Vida"""
2010,Record of the Year,Kings of Leon,True,,,"""Use Somebody"""
2010,Record of the Year,Beyoncé,False,,,"""Halo"""
2010,Record of the Year,The Black Eyed Peas,False,,,"""I Gotta Feeling"""
2010,Record of the Year,Lady Gaga,False,,,"""Poker Face"""
2010,Record of the Year,Taylor Swift,False,,,"""You Belong with Me"""
2011,Record of the Year,Lady Antebellum,True,,,"""Need You Now"""
2011,Record of the Year,Jay-ZfeaturingAlicia Keys,False,,,"""Empire State of Mind"""
2011,Record of the Year,CeeLo Green,False,,,"""F*** You"""
2011,Record of the Year,EminemfeaturingRihanna,False,,,"""Love the Way You Lie"""
2011,Record of the Year,B.o.BfeaturingBruno Mars,False,,,"""Nothin' on You"""
2012,Record of the Year,Adele,True,,,"""Rolling in the Deep"""
2012,Record of the Year,Mumford & Sons,False,,,"""The Cave"""
2012,Record of the Year,Katy Perry,False,,,"""Firework"""
2012,Record of the Year,Bruno Mars,False,,,"""Grenade"""
2012,Record of the Year,Bon Iver,False,,,"""Holocene"""
2013,Record of the Year,GotyefeaturingKimbra,True,,,"""Somebody That I Used to Know"""
2013,Record of the Year,The Black Keys,False,,,"""Lonely Boy"""
2013,Record of the Year,Kelly Clarkson,False,,,"""Stronger (What Doesn't Kill You)"""
2013,Record of the Year,Frank Ocean,False,,,"""Thinkin Bout You"""
2013,Record of the Year,Taylor Swift,False,,,"""We Are Never Ever Getting Back Together"""
2013,Record of the Year,Fun.featuringJanelle Monáe,False,,,"""We Are Young"""
2014,Record of the Year,Daft PunkfeaturingPharrell Williams & Nile Rodgers,True,,,"""Get Lucky"""
2014,Record of the Year,Robin ThickefeaturingT.I. & Pharrell Williams,False,,,"""Blurred Lines"""
2014,Record of the Year,Bruno Mars,False,,,"""Locked Out of Heaven"""
2014,Record of the Year,Imagine Dragons,False,,,"""Radioactive"""
2014,Record of the Year,Lorde,False,,,"""Royals"""
2015,Record of the Year,Sam Smith,True,,,"""Stay with Me"""
2015,Record of the Year,Meghan Trainor,False,,,"""All About That Bass"""
2015,Record of the Year,Sia,False,,,"""Chandelier"""
2015,Record of the Year,Iggy AzaleafeaturingCharli XCX,False,,,"""Fancy"""
2015,Record of the Year,Taylor Swift,False,,,"""Shake It Off"""
2016,Record of the Year,Mark RonsonfeaturingBruno Mars,True,,,"""Uptown Funk"""
2016,Record of the Year,Taylor Swift,False,,,"""Blank Space"""
2016,Record of the Year,The Weeknd,False,,,"""Can't Feel My Face"""
2016,Record of the Year,D'Angelo & The Vanguard,False,,,"""Really Love"""
2016,Record of the Year,Ed Sheeran,False,,,"""Thinking Out Loud"""
2017,Record of the Year,Adele,True,,,"""Hello"""
2017,Record of the Year,Lukas Graham,False,,,"""7 Years"""
2017,Record of the Year,Beyoncé,False,,,"""Formation"""
2017,Record of the Year,Twenty One Pilots,False,,,"""Stressed Out"""
2017,Record of the Year,RihannafeaturingDrake,False,,,"""Work"""
2018,Record of the Year,Bruno Mars,True,,,"""24K Magic"""
2018,Record of the Year,Luis Fonsi & Daddy YankeefeaturingJustin Bieber,False,,,"""Despacito"""
2018,Record of the Year,Kendrick Lamar,False,,,"""HUMBLE."""
2018,Record of the Year,Childish Gambino,False,,,"""Redbone"""
2018,Record of the Year,Jay-Z,False,,,"""The Story of O.J."""
2019,Record of the Year,Childish Gambino,True,,,"""This Is America"""
2019,Record of the Year,Kendrick Lamar & SZA,False,,,"""All the Stars"""
2019,Record of the Year,Drake,False,,,"""God's Plan"""
2019,Record of the Year,"Cardi B,Bad Bunny & J Balvin",False,,,"""I Like It"""
2019,Record of the Year,Brandi Carlile,False,,,"""The Joke"""
2019,Record of the Year,"Zedd,Maren Morris & Grey",False,,,"""The Middle"""
2019,Record of the Year,Post Malonefeaturing21 Savage,False,,,"""Rockstar"""
2019,Record of the Year,Lady Gaga & Bradley Cooper,False,,,"""Shallow"""
2020,Record of the Year,Billie Eilish,True,,,"""Bad Guy"""
2020,Record of the Year,Ariana Grande,False,,,"""7 Rings"""
2020,Record of the Year,H.E.R.,False,,,"""Hard Place"""
2020,Record of the Year,Bon Iver,False,,,"""Hey, Ma"""
2020,Record of the Year,Lil Nas XfeaturingBilly Ray Cyrus,False,,,"""Old Town Road"""
2020,Record of the Year,Post Malone & Swae Lee,False,,,"""Sunflower"""
2020,Record of the Year,Khalid,False,,,"""Talk"""
2020,Record of the Year,Lizzo,False,,,"""Truth Hurts"""
2021,Record of the Year,Billie Eilish,True,,,"""Everything I Wanted"""
2021,Record of the Year,Beyoncé,False,,,"""Black Parade"""
2021,Record of the Year,Post Malone,False,,,"""Circles"""
2021,Record of the Year,Black Pumas,False,,,"""Colors"""
2021,Record of the Year,Dua Lipa,False,,,"""Don't Start Now"""
2021,Record of the Year,DaBabyfeaturingRoddy Ricch,False,,,"""Rockstar"""
2021,Record of the Year,Megan Thee StallionfeaturingBeyoncé,False,,,"""Savage"""
2021,Record of the Year,Doja Cat,False,,,"""Say So"""
2022,Record of the Year,Silk Sonic,True,,,"""Leave the Door Open"""
2022,Record of the Year,Olivia Rodrigo,False,,,"""Drivers License"""
2022,Record of the Year,Jon Batiste,False,,,"""Freedom"""
2022,Record of the Year,Billie Eilish,False,,,"""Happier Than Ever"""
2022,Record of the Year,Tony Bennett & Lady Gaga,False,,,"""I Get a Kick Out of You"""
2022,Record of the Year,ABBA,False,,,"""I Still Have Faith in You"""
2022,Record of the Year,Doja CatfeaturingSZA,False,,,"""Kiss Me More"""
2022,Record of the Year,Lil Nas X,False,,,"""Montero (Call Me By Your Name)"""
2022,Record of the Year,Justin BieberfeaturingDaniel CaesarandGiveon,False,,,"""Peaches"""
2022,Record of the Year,Brandi Carlile,False,,,"""Right on Time"""
2023,Record of the Year,Lizzo,True,,,"""About Damn Time"""
2023,Record of the Year,Harry Styles,False,,,"""As It Was"""
2023,Record of the Year,Steve Lacy,False,,,"""Bad Habit"""
2023,Record of the Year,Beyoncé,False,,,"""Break My Soul"""
2023,Record of the Year,ABBA,False,,,"""Don't Shut Me Down"""
2023,Record of the Year,Adele,False,,,"""Easy on Me"""
2023,Record of the Year,Mary J. Blige,False,,,"""Good Morning Gorgeous"""
2023,Record of the Year,Kendrick Lamar,False,,,"""The Heart Part 5"""
2023,Record of the Year,Doja Cat,False,,,"""Woman"""
2023,Record of the Year,Brandi CarlilefeaturingLucius,False,,,"""You and Me on the Rock"""
2024,Record of the Year,Miley Cyrus,True,,,"""Flowers"""
2024,Record of the Year,Taylor Swift,False,,,"""Anti-Hero"""
2024,Record of the Year,SZA,False,,,"""Kill Bill"""
2024,Record of the Year,Boygenius,False,,,"""Not Strong Enough"""
2024,Record of the Year,Victoria Monét,False,,,"""On My Mama"""
2024,Record of the Year,Olivia Rodrigo,False,,,"""Vampire"""
2024,Record of the Year,Billie Eilish,False,,,"""What Was I Made For?"""
2024,Record of the Year,Jon Batiste,False,,,"""Worship"""
2025,Record of the Year,Kendrick Lamar,True,,,"""Not Like Us"""
2025,Record of the Year,Charli XCX,False,,,"""360"""
2025,Record of the Year,Billie Eilish,False,,,"""Birds of a Feather"""
2025,Record of the Year,Sabrina Carpenter,False,,,"""Espresso"""
2025,Record of the Year,Taylor SwiftfeaturingPost Malone,False,,,"""Fortnight"""
2025,Record of the Year,Chappell Roan,False,,,"""Good Luck, Babe!"""
2025,Record of the Year,The Beatles,False,,,"""Now and Then"""
2025,Record of the Year,Beyoncé,False,,,"""Texas Hold 'Em"""
2026,Record of the Year,Kendrick Lamar & SZA,True,,,"""Luther"""
2026,Record of the Year,Lady Gaga,False,,,"""Abracadabra"""
2026,Record of the Year,Doechii,False,,,"""Anxiety"""
2026,Record of the Year,Rosé & Bruno Mars,False,,,"""APT."""
2026,Record of the Year,Bad Bunny,False,,,"""DTMF"""
2026,Record of the Year,Sabrina Carpenter,False,,,"""Manchild"""
2026,Record of the Year,Chappell Roan,False,,,"""The Subway"""
2026,Record of the Year,Billie Eilish,False,,,"""Wildflower"""
